      32,   0.986449,   0.197949,   0.000061
      49,   0.986083,   0.197217,   0.000061
      66,   0.986083,   0.196850,   0.000061
      83,   0.984008,   0.195874,   0.000061
      99,   0.987060,   0.195996,   0.000061
     116,   0.986694,   0.193554,   0.000061
     132,   0.983520,   0.195263,   0.000061
     148,   0.987060,   0.195385,   0.000061
     166,   0.986571,   0.193676,   0.000061
     182,   0.991577,   0.195508,   0.000061
     197,   0.989501,   0.192456,   0.000061
     216,   0.982787,   0.193432,   0.000061
     233,   0.983886,   0.192333,   0.000061
     248,   0.986571,   0.194287,   0.000061
     266,   0.984496,   0.194775,   0.000061
     282,   0.989745,   0.196362,   0.000061
     299,   0.985473,   0.199048,   0.000061
     315,   0.988769,   0.198315,   0.000061
     333,   0.987304,   0.198437,   0.000061
     349,   0.987792,   0.198926,   0.000061
     364,   0.988158,   0.192333,   0.000061
     380,   0.984374,   0.194531,   0.000061
     399,   0.987792,   0.195385,   0.000061
     415,   0.985229,   0.193676,   0.000061
     430,   0.994018,   0.191479,   0.000061
     450,   0.983031,   0.198560,   0.000061
     466,   0.987060,   0.195752,   0.000061
     484,   0.983764,   0.191357,   0.000061
     500,   0.986571,   0.195263,   0.000061
     516,   0.985839,   0.198560,   0.000061
     533,   0.986816,   0.197705,   0.000061
     549,   0.986083,   0.193432,   0.000061
     567,   0.991577,   0.198560,   0.000061
     582,   0.976683,   0.190380,   0.000061
     598,   0.983520,   0.196362,   0.000061
     617,   0.988769,   0.196484,   0.000061
     633,   0.986205,   0.196606,   0.000061
     649,   0.980101,   0.195508,   0.000061
     667,   0.987426,   0.192333,   0.000061
     683,   0.985717,   0.195019,   0.000061
     701,   0.985961,   0.197461,   0.000061
     716,   0.988158,   0.192456,   0.000061
     734,   0.989745,   0.194531,   0.000061
     749,   0.984130,   0.194531,   0.000061
     765,   0.986083,   0.197827,   0.000061
     783,   0.986205,   0.196240,   0.000061
     800,   0.988647,   0.194409,   0.000061
     816,   0.985961,   0.194165,   0.000061
     833,   0.982665,   0.196606,   0.000061
     850,   0.986694,   0.199414,   0.000061
     865,   0.987182,   0.194897,   0.000061
     883,   0.988891,   0.196606,   0.000061
     899,   0.987182,   0.193188,   0.000061
     914,   0.985595,   0.196972,   0.000061
     933,   0.982421,   0.197461,   0.000061
     949,   0.984740,   0.196118,   0.000061
     967,   0.984008,   0.193066,   0.000061
     982,   0.987304,   0.195996,   0.000061
    1000,   0.987182,   0.196728,   0.000061
    1017,   0.988769,   0.195874,   0.000061
    1033,   0.986205,   0.195019,   0.000061
    1050,   0.988281,   0.196850,   0.000061
    1067,   0.984740,   0.197461,   0.000061
    1083,   0.989868,   0.195996,   0.000061
    1099,   0.986083,   0.192333,   0.000061
    1117,   0.986083,   0.192700,   0.000061
    1134,   0.987792,   0.195141,   0.000061
    1149,   0.988403,   0.194165,   0.000061
    1167,   0.986694,   0.196240,   0.000061
    1183,   0.988769,   0.195385,   0.000061
    1198,   0.985595,   0.195263,   0.000061
    1216,   0.989623,   0.194531,   0.000061
    1233,   0.982665,   0.195263,   0.000061
    1250,   0.985473,   0.195630,   0.000061
    1265,   0.988281,   0.196240,   0.000061
    1283,   0.986938,   0.193066,   0.000061
    1300,   0.986327,   0.195752,   0.000061
    1316,   0.985351,   0.197705,   0.000061
    1331,   0.987182,   0.194897,   0.000061
    1350,   0.985473,   0.193920,   0.000061
    1366,   0.990356,   0.196972,   0.000061
    1383,   0.986449,   0.194775,   0.000061
    1399,   0.987304,   0.194531,   0.000061
    1417,   0.986571,   0.197339,   0.000061
    1433,   0.987060,   0.198071,   0.000061
    1450,   0.984618,   0.194775,   0.000061
    1466,   0.987792,   0.198804,   0.000061
    1484,   0.984618,   0.194653,   0.000061
    1499,   0.988281,   0.197095,   0.000061
    1519,   0.991699,   0.196240,   0.000061
    1533,   0.987792,   0.198437,   0.000061
    1551,   0.985595,   0.196362,   0.000061
    1566,   0.990112,   0.195874,   0.000061
    1584,   0.985717,   0.195874,   0.000061
    1600,   0.987548,   0.196240,   0.000061
    1617,   0.987670,   0.195630,   0.000061
    1634,   0.987426,   0.195508,   0.000061
    1649,   0.985229,   0.196606,   0.000061
    1668,   0.988769,   0.194653,   0.000061
    1684,   0.985595,   0.195874,   0.000061
    1700,   0.984740,   0.195263,   0.000061
    1717,   0.984618,   0.197949,   0.000061
    1734,   0.989257,   0.196606,   0.000061
    1749,   0.985229,   0.194409,   0.000061
    1768,   0.987426,   0.196972,   0.000061
    1785,   0.981688,   0.194653,   0.000061
    1801,   0.984984,   0.196118,   0.000061
    1816,   0.987304,   0.195019,   0.000061
    1832,   0.986327,   0.196972,   0.000061
    1847,   0.984252,   0.196728,   0.000061
    1867,   0.987060,   0.196484,   0.000061
    1885,   0.986327,   0.193920,   0.000061
    1900,   0.984252,   0.197217,   0.000061
    1915,   0.987792,   0.194409,   0.000061
    1931,   0.990234,   0.194531,   0.000061
    1950,   0.985595,   0.198193,   0.000061
    1966,   0.987548,   0.196728,   0.000061
    1985,   0.986205,   0.195263,   0.000061
    2000,   0.984984,   0.196850,   0.000061
    2015,   0.989135,   0.195141,   0.000061
    2030,   0.986694,   0.198437,   0.000061
    2052,   0.987304,   0.195019,   0.000061
    2066,   0.986327,   0.194043,   0.000061
    2085,   0.986327,   0.193066,   0.000061
    2101,   0.987304,   0.195019,   0.000061
    2117,   0.985473,   0.195508,   0.000061
    2135,   0.985595,   0.193188,   0.000061
    2150,   0.985229,   0.197705,   0.000061
    2168,   0.987182,   0.193554,   0.000061
    2184,   0.987792,   0.192578,   0.000061
    2200,   0.987304,   0.194531,   0.000061
    2216,   0.985473,   0.199048,   0.000061
    2234,   0.986694,   0.196240,   0.000061
    2250,   0.992553,   0.197583,   0.000061
    2268,   0.984008,   0.192944,   0.000061
    2284,   0.986571,   0.195019,   0.000061
    2301,   0.986083,   0.194287,   0.000061
    2317,   0.987670,   0.195508,   0.000061
    2333,   0.988769,   0.195630,   0.000061
    2350,   0.986205,   0.198193,   0.000061
    2367,   0.986327,   0.194043,   0.000061
    2384,   0.986816,   0.195996,   0.000061
    2401,   0.985229,   0.195630,   0.000061
    2417,   0.989501,   0.197949,   0.000061
    2433,   0.987304,   0.194409,   0.000061
    2451,   0.986449,   0.195996,   0.000061
    2466,   0.986694,   0.196362,   0.000061
    2485,   0.987182,   0.195630,   0.000061
    2501,   0.985717,   0.196240,   0.000061
    2517,   0.990112,   0.197095,   0.000061
    2532,   0.985106,   0.195385,   0.000061
    2552,   0.984862,   0.194653,   0.000061
    2568,   0.986205,   0.193432,   0.000061
    2586,   0.984984,   0.193432,   0.000061
    2600,   0.987182,   0.195508,   0.000061
    2618,   0.984252,   0.194531,   0.000061
    2635,   0.989135,   0.195508,   0.000061
    2650,   0.988281,   0.194165,   0.000061
    2668,   0.984130,   0.195752,   0.000061
    2685,   0.989379,   0.196972,   0.000061
    2701,   0.985839,   0.198315,   0.000061
    2718,   0.985351,   0.196850,   0.000061
    2735,   0.989623,   0.197949,   0.000061
    2750,   0.987060,   0.195019,   0.000061
    2769,   0.986816,   0.195141,   0.000061
    2784,   0.983275,   0.192211,   0.000061
    2801,   0.987670,   0.196362,   0.000061
    2817,   0.987060,   0.193188,   0.000061
    2835,   0.989135,   0.194531,   0.000061
    2851,   0.985961,   0.195874,   0.000061
    2866,   0.985595,   0.195874,   0.000061
    2885,   0.984496,   0.191967,   0.000061
    2902,   0.989990,   0.197461,   0.000061
    2918,   0.989257,   0.196118,   0.000061
    2934,   0.987426,   0.193920,   0.000061
    2951,   0.984984,   0.197339,   0.000061
    2969,   0.987792,   0.195263,   0.000061
    2984,   0.987426,   0.193554,   0.000061
    3001,   0.986571,   0.195630,   0.000061
    3017,   0.982299,   0.198926,   0.000061
    3032,   0.985839,   0.195630,   0.000061
    3052,   0.979613,   0.198682,   0.000061
    3067,   0.984984,   0.197095,   0.000061
    3085,   0.984984,   0.198437,   0.000061
    3101,   0.984984,   0.197949,   0.000061
    3119,   0.985351,   0.195263,   0.000061
    3134,   0.983275,   0.195630,   0.000061
    3152,   0.990356,   0.198193,   0.000061
    3168,   0.987426,   0.194775,   0.000061
    3186,   0.985961,   0.195996,   0.000061
    3201,   0.984008,   0.193798,   0.000061
    3218,   0.986083,   0.193066,   0.000061
    3236,   0.988281,   0.195508,   0.000061
    3251,   0.988158,   0.195141,   0.000061
    3267,   0.986205,   0.198437,   0.000061
    3285,   0.985106,   0.194897,   0.000061
    3302,   0.989257,   0.196118,   0.000061
    3318,   0.990234,   0.194165,   0.000061
    3334,   0.986816,   0.195263,   0.000061
    3349,   0.986694,   0.194775,   0.000061
    3369,   0.985473,   0.195874,   0.000061
    3384,   0.989868,   0.195630,   0.000061
    3400,   0.986938,   0.197827,   0.000061
    3418,   0.986938,   0.192944,   0.000061
    3434,   0.987670,   0.193310,   0.000061
    3452,   0.988891,   0.197461,   0.000061
    3468,   0.987182,   0.197583,   0.000061
    3484,   0.983886,   0.195263,   0.000061
    3502,   0.985839,   0.197461,   0.000061
    3518,   0.988769,   0.195752,   0.000061
    3534,   0.988525,   0.197461,   0.000061
    3550,   0.985961,   0.193676,   0.000061
    3565,   0.985106,   0.193676,   0.000061
    3585,   0.990478,   0.194531,   0.000061
    3601,   0.980956,   0.194897,   0.000061
    3619,   0.983764,   0.197217,   0.000061
    3634,   0.984862,   0.196118,   0.000061
    3654,   0.984252,   0.196972,   0.000061
    3668,   0.986694,   0.193310,   0.000061
    3687,   0.987792,   0.197339,   0.000061
    3702,   0.986327,   0.193920,   0.000061
    3717,   0.987304,   0.194409,   0.000061
    3736,   0.988158,   0.194653,   0.000061
    3754,   0.988891,   0.197583,   0.000061
    3768,   0.986205,   0.194897,   0.000061
    3785,   0.982909,   0.195508,   0.000061
    3802,   0.986083,   0.194897,   0.000061
    3817,   0.987426,   0.197827,   0.000061
    3836,   0.989501,   0.197217,   0.000061
    3851,   0.984618,   0.197339,   0.000061
    3869,   0.985229,   0.194287,   0.000061
    3885,   0.989013,   0.194653,   0.000061
    3902,   0.986816,   0.196972,   0.000061
    3918,   0.982787,   0.196606,   0.000061
    3936,   0.984740,   0.191967,   0.000061
    3953,   0.986083,   0.196118,   0.000061
    3969,   0.984618,   0.196972,   0.000061
    3985,   0.988403,   0.198437,   0.000061
    4000,   0.989379,   0.193432,   0.000061
    4016,   0.986083,   0.196484,   0.000061
    4036,   0.984984,   0.194531,   0.000061
    4051,   0.985473,   0.195385,   0.000061
    4067,   0.987060,   0.193798,   0.000061
    4086,   0.984496,   0.195874,   0.000061
    4101,   0.985839,   0.197583,   0.000061
    4120,   0.988403,   0.196118,   0.000061
    4136,   0.985717,   0.198071,   0.000061
    4152,   0.986938,   0.194653,   0.000061
    4168,   0.988158,   0.197217,   0.000061
    4185,   0.986205,   0.196850,   0.000061
    4203,   0.988403,   0.200024,   0.000061
    4219,   0.986816,   0.198315,   0.000061
    4237,   0.987304,   0.195263,   0.000061
    4252,   0.990112,   0.193310,   0.000061
    4270,   0.985351,   0.198560,   0.000061
    4285,   0.984496,   0.197339,   0.000061
    4302,   0.984374,   0.195874,   0.000061
    4319,   0.987426,   0.193676,   0.000061
    4336,   0.988281,   0.193432,   0.000061
    4351,   0.988281,   0.195508,   0.000061
    4369,   0.987792,   0.193920,   0.000061
    4385,   0.987060,   0.197095,   0.000061
    4403,   0.992187,   0.195508,   0.000061
    4419,   0.985717,   0.192211,   0.000061
    4435,   0.986449,   0.194043,   0.000061
    4450,   0.989501,   0.193432,   0.000061
    4469,   0.985229,   0.195141,   0.000061
    4485,   0.987060,   0.193310,   0.000061
    4501,   0.984496,   0.197095,   0.000061
    4519,   0.986327,   0.195141,   0.000061
    4536,   0.987304,   0.195263,   0.000061
    4552,   0.986938,   0.197339,   0.000061
    4567,   0.989135,   0.196240,   0.000061
    4586,   0.988036,   0.194409,   0.000061
    4601,   0.987426,   0.195996,   0.000061
    4620,   0.990722,   0.196362,   0.000061
    4637,   0.985595,   0.196118,   0.000061
    4652,   0.984740,   0.193554,   0.000061
    4668,   0.987304,   0.198560,   0.000061
    4686,   0.985473,   0.196362,   0.000061
    4702,   0.985717,   0.196240,   0.000061
    4722,   0.988158,   0.195508,   0.000061
    4737,   0.986205,   0.195630,   0.000061
    4754,   0.989013,   0.197461,   0.000061
    4770,   0.986205,   0.195019,   0.000061
    4786,   0.986571,   0.196484,   0.000061
    4803,   0.988769,   0.199048,   0.000061
    4820,   0.985473,   0.195874,   0.000061
    4837,   0.990112,   0.198315,   0.000061
    4853,   0.984618,   0.197705,   0.000061
    4868,   0.987914,   0.193188,   0.000061
    4887,   0.987060,   0.195508,   0.000061
    4902,   0.988525,   0.197705,   0.000061
    4920,   0.985351,   0.195141,   0.000061
    4937,   0.987548,   0.196972,   0.000061
    4953,   0.988158,   0.196362,   0.000061
    4968,   0.986449,   0.195996,   0.000061
    4986,   0.987304,   0.196118,   0.000061
    5002,   0.983520,   0.195141,   0.000061
    5020,   0.986694,   0.197461,   0.000061
    5036,   0.986083,   0.196118,   0.000061
    5053,   0.984130,   0.195996,   0.000061
    5070,   0.985717,   0.194775,   0.000061
    5086,   0.989623,   0.196850,   0.000061
    5102,   0.988281,   0.197095,   0.000061
    5123,   0.984740,   0.195874,   0.000061
    5137,   0.983764,   0.195996,   0.000061
    5153,   0.987670,   0.196118,   0.000061
    5168,   0.986938,   0.195752,   0.000061
    5183,   0.986938,   0.199902,   0.000061
    5203,   0.984496,   0.196606,   0.000061
    5219,   0.985229,   0.194165,   0.000061
    5237,   0.986083,   0.196972,   0.000061
    5253,   0.989379,   0.196118,   0.000061
    5270,   0.986571,   0.196972,   0.000061
    5287,   0.986938,   0.195019,   0.000061
    5304,   0.985961,   0.198682,   0.000061
    5321,   0.987548,   0.198193,   0.000061
    5336,   0.985106,   0.199414,   0.000061
    5353,   0.987792,   0.198071,   0.000061
    5370,   0.983764,   0.197339,   0.000061
    5386,   0.986205,   0.194653,   0.000061
    5402,   0.986205,   0.196606,   0.000061
    5421,   0.991577,   0.195019,   0.000061
    5437,   0.991088,   0.195263,   0.000061
    5452,   0.989623,   0.194531,   0.000061
    5470,   0.985839,   0.193554,   0.000061
    5485,   0.985595,   0.195874,   0.000061
    5501,   0.986694,   0.196240,   0.000061
    5520,   0.987060,   0.196972,   0.000061
    5537,   0.985351,   0.195630,   0.000061
    5553,   0.986571,   0.193798,   0.000061
    5570,   0.987426,   0.193676,   0.000061
    5586,   0.988403,   0.194287,   0.000061
    5601,   0.987792,   0.196972,   0.000061
    5621,   0.989501,   0.195263,   0.000061
    5636,   0.986083,   0.197705,   0.000061
    5653,   0.987182,   0.197217,   0.000061
    5670,   0.985595,   0.196972,   0.000061
    5686,   0.987304,   0.192578,   0.000061
    5702,   0.988036,   0.199292,   0.000061
    5721,   0.987914,   0.194775,   0.000061
    5737,   0.986327,   0.195385,   0.000061
    5755,   0.985106,   0.193676,   0.000061
    5771,   0.989013,   0.196484,   0.000061
    5786,   0.981810,   0.193310,   0.000061
    5805,   0.984008,   0.194653,   0.000061
    5819,   0.986571,   0.194531,   0.000061
    5838,   0.983886,   0.196728,   0.000061
    5854,   0.985595,   0.197583,   0.000061
    5870,   0.986816,   0.196606,   0.000061
    5888,   0.988036,   0.195019,   0.000061
    5903,   0.985229,   0.197827,   0.000061
    5921,   0.987914,   0.197217,   0.000061
    5937,   0.987182,   0.196606,   0.000061
    5954,   0.986327,   0.198193,   0.000061
    5971,   0.986205,   0.195263,   0.000061
    5987,   0.984252,   0.194287,   0.000061
    6003,   0.985106,   0.193188,   0.000061
    6021,   0.986083,   0.197827,   0.000061
    6038,   0.986083,   0.197217,   0.000061
    6053,   0.985106,   0.195508,   0.000061
    6071,   0.984252,   0.195630,   0.000061
    6087,   0.990966,   0.196850,   0.000061
    6102,   0.985839,   0.196118,   0.000061
    6121,   0.985106,   0.195141,   0.000061
    6136,   0.987060,   0.195874,   0.000061
    6154,   0.984130,   0.194775,   0.000061
    6169,   0.985717,   0.194775,   0.000061
    6188,   0.986816,   0.198560,   0.000061
    6203,   0.984984,   0.195141,   0.000061
    6221,   0.988036,   0.193676,   0.000061
    6236,   0.984984,   0.195263,   0.000061
    6254,   0.988158,   0.195630,   0.000061
    6271,   0.989745,   0.196850,   0.000061
    6287,   0.987670,   0.195996,   0.000061
    6302,   0.989379,   0.196118,   0.000061
    6321,   0.985595,   0.197095,   0.000061
    6339,   0.987670,   0.192822,   0.000061
    6354,   0.985229,   0.196362,   0.000061
    6370,   0.987060,   0.193920,   0.000061
    6388,   0.989379,   0.194897,   0.000061
    6405,   0.987670,   0.196240,   0.000061
    6420,   0.986571,   0.193676,   0.000061
    6438,   0.989379,   0.195630,   0.000061
    6455,   0.987060,   0.195752,   0.000061
    6471,   0.986571,   0.195752,   0.000061
    6488,   0.984008,   0.195385,   0.000061
    6504,   0.991210,   0.195752,   0.000061
    6519,   0.991577,   0.195874,   0.000061
    6537,   0.984984,   0.193432,   0.000061
    6553,   0.988525,   0.198437,   0.000061
    6571,   0.985839,   0.194409,   0.000061
    6587,   0.986449,   0.195630,   0.000061
    6603,   0.989379,   0.196362,   0.000061
    6620,   0.985839,   0.195141,   0.000061
    6636,   0.986694,   0.195752,   0.000061
    6655,   0.987182,   0.193676,   0.000061
    6669,   0.985595,   0.195141,   0.000061
    6685,   0.985961,   0.194531,   0.000061
    6704,   0.985473,   0.197583,   0.000061
    6721,   0.988036,   0.195385,   0.000061
    6737,   0.986327,   0.194287,   0.000061
    6754,   0.989135,   0.194287,   0.000061
    6772,   0.987304,   0.195752,   0.000061
    6787,   0.987304,   0.196606,   0.000061
    6804,   0.990112,   0.197339,   0.000061
    6822,   0.984618,   0.194653,   0.000061
    6837,   0.985473,   0.197705,   0.000061
    6853,   0.987792,   0.198071,   0.000061
    6870,   0.983886,   0.193066,   0.000061
    6889,   0.985351,   0.198926,   0.000061
    6905,   0.984984,   0.196606,   0.000061
    6921,   0.984252,   0.196240,   0.000061
    6938,   0.985595,   0.194409,   0.000061
    6955,   0.989257,   0.195385,   0.000061
    6972,   0.985473,   0.194043,   0.000061
    6987,   0.988281,   0.195630,   0.000061
    7005,   0.989745,   0.193798,   0.000061
    7021,   0.986938,   0.196362,   0.000061
    7038,   0.985229,   0.194043,   0.000061
    7054,   0.984984,   0.195752,   0.000061
    7072,   0.988647,   0.196606,   0.000061
    7088,   0.984496,   0.195263,   0.000061
    7104,   0.988891,   0.196118,   0.000061
    7121,   0.986449,   0.196118,   0.000061
    7137,   0.987670,   0.194897,   0.000061
    7155,   0.987182,   0.193798,   0.000061
    7172,   0.988403,   0.196484,   0.000061
    7187,   0.981078,   0.195630,   0.000061
    7203,   0.985229,   0.196606,   0.000061
    7221,   0.982909,   0.194531,   0.000061
    7237,   0.986083,   0.195874,   0.000061
    7255,   0.987548,   0.198682,   0.000061
    7270,   0.990600,   0.192578,   0.000061
    7289,   0.982909,   0.197461,   0.000061
    7305,   0.987548,   0.198560,   0.000061
    7321,   0.984984,   0.195874,   0.000061
    7337,   0.990844,   0.196606,   0.000061
    7355,   0.985595,   0.194775,   0.000061
    7372,   0.985229,   0.198682,   0.000061
    7388,   0.987426,   0.197705,   0.000061
    7403,   0.985351,   0.197217,   0.000061
    7424,   0.986694,   0.195141,   0.000061
    7439,   0.987060,   0.195996,   0.000061
    7454,   0.987670,   0.198804,   0.000061
    7471,   0.985229,   0.195874,   0.000061
    7488,   0.984618,   0.195630,   0.000061
    7505,   0.984862,   0.192822,   0.000061
    7522,   0.986571,   0.197705,   0.000061
    7537,   0.987792,   0.195263,   0.000061
    7556,   0.987304,   0.197583,   0.000061
    7572,   0.987182,   0.196728,   0.000061
    7587,   0.983764,   0.194531,   0.000061
    7605,   0.983153,   0.197095,   0.000061
    7622,   0.982665,   0.194775,   0.000061
    7637,   0.986083,   0.196728,   0.000061
    7652,   0.990600,   0.195996,   0.000061
    7672,   0.989379,   0.195630,   0.000061
    7688,   0.987060,   0.198926,   0.000061
    7704,   0.985473,   0.195385,   0.000061
    7720,   0.988158,   0.196240,   0.000061
    7735,   0.982177,   0.195508,   0.000061
    7757,   0.989257,   0.197705,   0.000061
    7771,   0.988769,   0.196850,   0.000061
    7789,   0.986205,   0.197339,   0.000061
    7806,   0.985961,   0.196484,   0.000061
    7823,   0.987548,   0.194897,   0.000061
    7838,   0.986694,   0.194775,   0.000061
    7855,   0.988403,   0.196606,   0.000061
    7871,   0.984252,   0.197827,   0.000061
    7887,   0.988403,   0.194043,   0.000061
    7902,   0.988525,   0.196362,   0.000061
    7922,   0.989135,   0.196118,   0.000061
    7938,   0.986327,   0.196850,   0.000061
    7958,   0.986938,   0.197461,   0.000061
    7973,   0.983275,   0.196484,   0.000061
    7988,   0.990356,   0.196972,   0.000061
    8005,   0.985595,   0.195630,   0.000061
    8022,   0.986327,   0.198193,   0.000061
    8039,   0.983520,   0.193798,   0.000061
    8054,   0.988281,   0.196362,   0.000061
    8072,   0.985717,   0.194775,   0.000061
    8087,   0.983764,   0.197461,   0.000061
    8106,   0.987060,   0.194653,   0.000061
    8123,   0.990478,   0.197217,   0.000061
    8138,   0.986327,   0.193432,   0.000061
    8156,   0.989745,   0.198682,   0.000061
    8171,   0.987914,   0.195630,   0.000061
    8189,   0.984618,   0.194653,   0.000061
    8205,   0.985106,   0.194409,   0.000061
    8220,   0.986816,   0.199170,   0.000061
    8239,   0.986938,   0.193676,   0.000061
    8256,   0.985229,   0.195874,   0.000061
    8272,   0.985595,   0.195630,   0.000061
    8290,   0.982543,   0.195874,   0.000061
    8305,   0.984862,   0.194043,   0.000061
    8323,   0.988158,   0.195385,   0.000061
    8339,   0.989868,   0.195508,   0.000061
    8354,   0.987426,   0.195019,   0.000061
    8369,   0.988647,   0.194897,   0.000061
    8389,   0.985839,   0.196362,   0.000061
    8406,   0.985961,   0.195141,   0.000061
    8422,   0.989135,   0.194409,   0.000061
    8438,   0.988281,   0.193066,   0.000061
    8454,   0.986083,   0.195019,   0.000061
    8473,   0.990112,   0.195263,   0.000061
    8490,   0.985961,   0.195752,   0.000061
    8506,   0.985961,   0.195996,   0.000061
    8522,   0.990356,   0.195263,   0.000061
    8540,   0.985351,   0.197217,   0.000061
    8556,   0.987060,   0.197461,   0.000061
    8573,   0.984984,   0.195874,   0.000061
    8588,   0.984130,   0.195752,   0.000061
    8607,   0.989135,   0.198071,   0.000061
    8622,   0.986571,   0.192822,   0.000061
    8638,   0.987914,   0.200146,   0.000061
    8656,   0.986816,   0.197339,   0.000061
    8672,   0.991577,   0.200146,   0.000061
    8687,   0.986327,   0.195630,   0.000061
    8707,   0.986571,   0.195508,   0.000061
    8722,   0.984984,   0.195508,   0.000061
    8738,   0.985961,   0.194287,   0.000061
    8757,   0.987182,   0.196362,   0.000061
    8773,   0.988525,   0.197217,   0.000061
    8790,   0.989623,   0.196972,   0.000061
    8807,   0.987060,   0.195141,   0.000061
    8823,   0.984618,   0.192089,   0.000061
    8839,   0.987792,   0.198071,   0.000061
    8856,   0.983031,   0.196240,   0.000061
    8871,   0.984252,   0.194897,   0.000061
    8888,   0.986938,   0.193798,   0.000061
    8903,   0.985839,   0.194287,   0.000061
    8923,   0.984740,   0.193188,   0.000061
    8940,   0.986083,   0.195141,   0.000061
    8957,   0.984374,   0.197827,   0.000061
    8973,   0.988525,   0.199170,   0.000061
    8989,   0.987914,   0.193310,   0.000061
    9009,   0.986083,   0.196240,   0.000061
    9023,   0.986083,   0.196850,   0.000061
    9041,   0.987304,   0.196728,   0.000061
    9056,   0.986449,   0.198437,   0.000061
    9073,   0.982909,   0.192944,   0.000061
    9090,   0.987304,   0.194287,   0.000061
    9106,   0.985961,   0.192089,   0.000061
    9124,   0.987426,   0.198437,   0.000061
    9139,   0.989501,   0.198804,   0.000061
    9156,   0.984740,   0.198437,   0.000061
    9172,   0.985839,   0.195874,   0.000061
    9190,   0.989868,   0.193432,   0.000061
    9206,   0.985229,   0.195996,   0.000061
    9222,   0.988769,   0.196850,   0.000061
    9241,   0.985595,   0.195996,   0.000061
    9257,   0.984740,   0.197827,   0.000061
    9273,   0.987548,   0.193188,   0.000061
    9290,   0.983886,   0.197705,   0.000061
    9305,   0.984496,   0.195630,   0.000061
    9323,   0.985595,   0.197339,   0.000061
    9340,   0.987182,   0.192944,   0.000061
    9357,   0.989623,   0.196606,   0.000061
    9372,   0.988158,   0.198560,   0.000061
    9388,   0.990844,   0.192578,   0.000061
    9403,   0.985839,   0.193676,   0.000061
    9423,   0.989868,   0.194531,   0.000061
    9440,   0.988769,   0.195630,   0.000061
    9455,   0.988403,   0.196240,   0.000061
    9471,   0.985717,   0.194653,   0.000061
    9494,   0.989257,   0.197705,   0.000061
    9524,   0.989013,   0.196362,   0.000061
    9540,   0.987548,   0.194287,   0.000061
    9557,   0.989990,   0.197827,   0.000061
    9574,   0.982665,   0.194653,   0.000061
    9591,   0.985351,   0.195752,   0.000061
    9606,   0.986449,   0.192089,   0.000061
    9624,   0.984740,   0.195874,   0.000061
    9640,   0.987792,   0.194287,   0.000061
    9657,   0.987548,   0.194775,   0.000061
    9673,   0.989257,   0.195996,   0.000061
    9689,   0.989379,   0.197095,   0.000061
    9707,   0.983031,   0.195508,   0.000061
    9723,   0.985229,   0.194775,   0.000061
    9741,   0.985717,   0.196606,   0.000061
    9759,   0.987182,   0.195752,   0.000061
    9773,   0.985473,   0.195752,   0.000061
    9789,   0.981444,   0.194897,   0.000061
    9808,   0.987548,   0.194287,   0.000061
    9823,   0.988036,   0.195019,   0.000061
    9840,   0.988158,   0.198193,   0.000061
    9856,   0.987670,   0.197827,   0.000061
    9875,   0.990844,   0.195141,   0.000061
    9891,   0.993286,   0.195996,   0.000061
    9906,   0.985717,   0.199048,   0.000061
    9924,   0.988647,   0.195019,   0.000061
    9939,   0.985595,   0.198560,   0.000061
    9958,   0.986083,   0.197461,   0.000061
    9973,   0.992065,   0.195141,   0.000061
    9989,   0.980345,   0.195141,   0.000061
   10004,   0.988525,   0.198682,   0.000061
   10024,   0.985717,   0.195996,   0.000061
   10041,   0.985839,   0.195752,   0.000061
   10056,   0.985839,   0.195630,   0.000061
   10072,   0.990356,   0.196606,   0.000061
   10093,   0.983397,   0.193554,   0.000061
   10106,   0.986938,   0.194287,   0.000061
   10124,   0.986694,   0.194043,   0.000061
   10141,   0.986938,   0.196240,   0.000061
   10157,   0.985229,   0.194043,   0.000061
   10174,   0.987792,   0.200635,   0.000061
   10191,   0.983153,   0.196850,   0.000061
   10207,   0.989013,   0.197095,   0.000061
   10223,   0.983153,   0.194653,   0.000061
   10241,   0.984252,   0.195752,   0.000061
   10258,   0.985229,   0.197339,   0.000061
   10273,   0.987914,   0.197095,   0.000061
   10289,   0.986205,   0.196606,   0.000061
   10308,   0.988891,   0.196484,   0.000061
   10324,   0.986816,   0.195630,   0.000061
   10340,   0.986694,   0.197095,   0.000061
   10357,   0.982421,   0.193432,   0.000061
   10373,   0.990966,   0.196606,   0.000061
   10391,   0.986816,   0.196850,   0.000061
   10407,   0.988158,   0.197705,   0.000061
   10423,   0.987304,   0.194287,   0.000061
   10441,   1.034304,  -0.035464,   0.000061
   10458,   0.966429,   0.232131,   0.000061
   10473,   0.970823,   0.277544,   0.000061
   10489,   0.973021,   0.242385,   0.000061
   10504,   0.989135,   0.153879,   0.000061
   10524,   1.105963,   0.218214,   0.000061
   10540,   1.204480,   0.208570,   0.000061
   10558,   1.155161,   0.193066,   0.000061
   10574,   1.149911,   0.232497,   0.000061
   10592,   1.182995,   0.235305,   0.000061
   10607,   1.247452,   0.237136,   0.000061
   10627,   1.199109,   0.278765,   0.000061
   10642,   1.182995,   0.262650,   0.000061
   10658,   1.203870,   0.237624,   0.000061
   10675,   1.193860,   0.199170,   0.000061
   10691,   1.077641,   0.211378,   0.000061
   10708,   1.032717,   0.136666,   0.000061
   10724,   1.033083,   0.160349,   0.000061
   10740,   1.050296,   0.154734,   0.000061
   10759,   0.990356,   0.146676,   0.000061
   10774,   0.890985,   0.139962,   0.000061
   10791,   0.890252,   0.160715,   0.000061
   10808,   0.886956,   0.165476,   0.000061
   10824,   0.843985,   0.212110,   0.000061
   10841,   0.814564,   0.156443,   0.000061
   10857,   0.752670,   0.152658,   0.000061
   10875,   0.662577,   0.162180,   0.000061
   10890,   0.535250,   0.135445,   0.000061
   10906,   0.476286,   0.135934,   0.000061
   10925,   0.444790,   0.081609,   0.000061
   10940,   0.442471,   0.045474,   0.000061
   10958,   0.416590,   0.036196,   0.000061
   10974,   0.397913,   0.005799,   0.000061
   10991,   0.407679,   0.054142,   0.000061
   11007,   0.369102,   0.025331,   0.000061
   11022,   0.327962,  -0.003479,   0.000061
   11041,   0.268754,  -0.060001,   0.000061
   11059,   0.025331,  -0.009827,   0.000061
   11075,  -0.021181,  -0.122261,   0.000061
   11090,  -0.134713,  -0.094915,   0.000061
   11106,  -0.092230,  -0.104193,   0.000061
   11125,  -0.124702,  -0.045352,   0.000061
   11140,  -0.376549,  -0.087591,   0.000061
   11160,  -0.564060,  -0.113471,   0.000061
   11174,  -0.526094,  -0.139352,   0.000061
   11192,  -0.446499,  -0.103827,   0.000061
   11208,  -0.541232,  -0.192822,   0.000061
   11225,  -0.614723,  -0.248978,   0.000061
   11242,  -0.753159,  -0.216627,   0.000061
   11258,  -0.800403,  -0.324666,   0.000061
   11275,  -0.801990,  -0.369346,   0.000061
   11290,  -0.910639,  -1.064823,   0.000061
   11309,  -0.901483,  -0.308429,   0.000061
   11324,  -1.113044,  -0.419154,   0.000061
   11341,  -1.292010,  -0.370445,   0.000061
   11357,  -1.271867,  -0.335653,   0.000061
   11373,  -1.075078,  -0.263993,   0.000061
   11389,  -1.060062,  -0.273637,   0.000061
   11409,  -1.135384,  -0.357627,   0.000061
   11424,  -1.028444,  -0.453580,   0.000061
   11439,  -0.849234,  -0.402063,   0.000061
   11459,  -0.984984,  -0.451749,   0.000061
   11475,  -0.918696,  -0.401453,   0.000061
   11492,  -0.918940,  -0.405115,   0.000061
   11507,  -0.972533,  -0.404871,   0.000061
   11523,  -0.991088,  -0.386559,   0.000061
   11538,  -0.954587,  -0.348959,   0.000061
   11559,  -0.889031,  -0.344687,   0.000061
   11575,  -0.955686,  -0.398889,   0.000061
   11591,  -1.026491,  -0.429653,   0.000061
   11608,  -1.005371,  -0.398767,   0.000061
   11624,  -0.996460,  -0.398279,   0.000061
   11640,  -0.995849,  -0.398157,   0.000061
   11659,  -0.965574,  -0.385461,   0.000061
   11675,  -0.947629,  -0.370445,   0.000061
   11693,  -0.995727,  -0.361655,   0.000061
   11707,  -1.041628,  -0.348349,   0.000061
   11726,  -1.019655,  -0.334188,   0.000061
   11742,  -0.941647,  -0.336752,   0.000061
   11759,  -0.914912,  -0.338461,   0.000061
   11775,  -0.948849,  -0.341146,   0.000061
   11792,  -0.981933,  -0.350180,   0.000061
   11808,  -0.990478,  -0.362876,   0.000061
   11824,  -0.933101,  -0.370567,   0.000061
   11842,  -0.916255,  -0.380822,   0.000061
   11858,  -0.914546,  -0.384484,   0.000061
   11876,  -0.942746,  -0.382897,   0.000061
   11891,  -0.942868,  -0.384484,   0.000061
   11907,  -0.924068,  -0.387536,   0.000061
   11926,  -0.910761,  -0.377281,   0.000061
   11942,  -0.908564,  -0.375084,   0.000061
   11960,  -0.939571,  -0.378502,   0.000061
   11976,  -0.977660,  -0.365074,   0.000061
   11991,  -0.979857,  -0.343100,   0.000061
   12006,  -0.952146,  -0.347494,   0.000061
   12026,  -0.939327,  -0.366050,   0.000061
   12042,  -0.964597,  -0.386559,   0.000061
   12058,  -0.959592,  -0.391442,   0.000061
   12077,  -0.964720,  -0.390099,   0.000061
   12091,  -0.956540,  -0.386071,   0.000061
   12109,  -0.959592,  -0.377281,   0.000061
   12125,  -0.989623,  -0.367271,   0.000061
   12142,  -0.980468,  -0.362022,   0.000061
   12160,  -0.951657,  -0.359214,   0.000061
   12175,  -0.947140,  -0.359580,   0.000061
   12193,  -0.936397,  -0.363120,   0.000061
   12209,  -0.944333,  -0.366905,   0.000061
   12226,  -0.948239,  -0.368614,   0.000061
   12244,  -0.957517,  -0.377770,   0.000061
   12258,  -0.942135,  -0.384728,   0.000061
   12276,  -0.933223,  -0.378624,   0.000061
   12292,  -0.955564,  -0.376183,   0.000061
   12310,  -0.979735,  -0.369224,   0.000061
   12325,  -0.966184,  -0.357627,   0.000061
   12342,  -0.953610,  -0.367759,   0.000061
   12357,  -0.939694,  -0.380822,   0.000061
   12376,  -0.953122,  -0.382653,   0.000061
   12392,  -0.938595,  -0.378868,   0.000061
   12408,  -0.939083,  -0.367393,   0.000061
   12426,  -0.932491,  -0.370811,   0.000061
   12442,  -0.932857,  -0.379112,   0.000061
   12459,  -0.929927,  -0.381554,   0.000061
   12475,  -0.937008,  -0.381066,   0.000061
   12490,  -0.957029,  -0.377526,   0.000061
   12509,  -0.958982,  -0.376427,   0.000061
   12525,  -0.943844,  -0.377526,   0.000061
   12541,  -0.941403,  -0.372276,   0.000061
   12559,  -0.955808,  -0.376305,   0.000061
   12575,  -0.960935,  -0.385094,   0.000061
   12593,  -0.966673,  -0.389977,   0.000061
   12609,  -0.975218,  -0.395227,   0.000061
   12625,  -0.970335,  -0.394006,   0.000061
   12643,  -0.970213,  -0.385216,   0.000061
   12660,  -0.970823,  -0.381310,   0.000061
   12676,  -0.972899,  -0.383996,   0.000061
   12691,  -0.968504,  -0.389367,   0.000061
   12707,  -0.958982,  -0.389123,   0.000061
   12726,  -0.942379,  -0.388390,   0.000061
   12742,  -0.938839,  -0.374962,   0.000061
   12759,  -0.944577,  -0.369835,   0.000061
   12778,  -0.948972,  -0.375328,   0.000061
   12792,  -0.943966,  -0.382897,   0.000061
   12810,  -0.942013,  -0.380822,   0.000061
   12826,  -0.929439,  -0.385216,   0.000061
   12843,  -0.936031,  -0.383019,   0.000061
   12860,  -0.942257,  -0.385705,   0.000061
   12876,  -0.959470,  -0.383019,   0.000061
   12891,  -0.960569,  -0.392297,   0.000061
   12910,  -0.958127,  -0.396448,   0.000061
   12926,  -0.951291,  -0.388390,   0.000061
   12942,  -0.956296,  -0.387048,   0.000061
   12960,  -0.948972,  -0.380577,   0.000061
   12976,  -0.947384,  -0.374351,   0.000061
   12991,  -0.953733,  -0.386803,   0.000061
   13010,  -0.951657,  -0.394006,   0.000061
   13025,  -0.953366,  -0.395349,   0.000061
   13043,  -0.952023,  -0.394494,   0.000061
   13058,  -0.945920,  -0.385094,   0.000061
   13077,  -0.936886,  -0.380333,   0.000061
   13092,  -0.938595,  -0.381676,   0.000061
   13108,  -0.936520,  -0.386681,   0.000061
   13124,  -0.947384,  -0.390099,   0.000061
   13140,  -0.952390,  -0.386315,   0.000061
   13161,  -0.941036,  -0.377648,   0.000061
   13176,  -0.949460,  -0.386925,   0.000061
   13193,  -0.950681,  -0.392297,   0.000061
   13209,  -0.946042,  -0.396570,   0.000061
   13228,  -0.945431,  -0.391442,   0.000061
   13240,  -0.953977,  -0.389855,   0.000061
   13260,  -0.956052,  -0.382409,   0.000061
   13277,  -0.959104,  -0.384728,   0.000061
   13293,  -0.958738,  -0.382775,   0.000061
   13309,  -0.950070,  -0.378502,   0.000061
   13328,  -0.939205,  -0.382042,   0.000061
   13344,  -0.938229,  -0.383751,   0.000061
   13361,  -0.931392,  -0.389123,   0.000061
   13376,  -0.938595,  -0.386681,   0.000061
   13394,  -0.937618,  -0.391686,   0.000061
   13411,  -0.932125,  -0.386315,   0.000061
   13426,  -0.939816,  -0.393640,   0.000061
   13443,  -0.943966,  -0.392175,   0.000061
   13460,  -0.948361,  -0.384850,   0.000061
   13475,  -0.956418,  -0.380089,   0.000061
   13494,  -0.954831,  -0.382164,   0.000061
   13511,  -0.941769,  -0.378990,   0.000061
   13526,  -0.946652,  -0.372887,   0.000061
   13543,  -0.950558,  -0.372154,   0.000061
   13561,  -0.960447,  -0.378502,   0.000061
   13576,  -0.956540,  -0.395837,   0.000061
   13594,  -0.950192,  -0.401087,   0.000061
   13609,  -0.940304,  -0.396081,   0.000061
   13625,  -0.943112,  -0.396448,   0.000061
   13644,  -0.940670,  -0.402551,   0.000061
   13660,  -0.935787,  -0.404138,   0.000061
   13677,  -0.939327,  -0.404383,   0.000061
   13693,  -0.949460,  -0.393396,   0.000061
   13708,  -0.965086,  -0.387780,   0.000061
   13727,  -0.967894,  -0.384850,   0.000061
   13742,  -0.972899,  -0.379723,   0.000061
   13758,  -0.980956,  -0.379723,   0.000061
   13779,  -0.973265,  -0.381554,   0.000061
   13794,  -0.964109,  -0.386315,   0.000061
   13811,  -0.944699,  -0.389733,   0.000061
   13827,  -0.941891,  -0.387658,   0.000061
   13842,  -0.945309,  -0.381432,   0.000061
   13859,  -0.939938,  -0.376183,   0.000061
   13879,  -0.952756,  -0.379112,   0.000061
   13894,  -0.946408,  -0.383385,   0.000061
   13910,  -0.938961,  -0.390099,   0.000061
   13927,  -0.935787,  -0.386803,   0.000061
   13945,  -0.938717,  -0.384362,   0.000061
   13961,  -0.950070,  -0.389245,   0.000061
   13977,  -0.949338,  -0.388268,   0.000061
   13992,  -0.956907,  -0.389245,   0.000061
   14011,  -0.959714,  -0.386071,   0.000061
   14027,  -0.962644,  -0.380700,   0.000061
   14044,  -0.958127,  -0.384972,   0.000061
   14060,  -0.957395,  -0.389123,   0.000061
   14076,  -0.952756,  -0.387048,   0.000061
   14094,  -0.954099,  -0.392053,   0.000061
   14110,  -0.944455,  -0.387292,   0.000061
   14126,  -0.945553,  -0.381798,   0.000061
   14141,  -0.947140,  -0.381676,   0.000061
   14161,  -0.951657,  -0.383629,   0.000061
   14176,  -0.952023,  -0.382409,   0.000061
   14194,  -0.949460,  -0.383385,   0.000061
   14211,  -0.952023,  -0.383751,   0.000061
   14227,  -0.947751,  -0.384728,   0.000061
   14242,  -0.945065,  -0.383751,   0.000061
   14261,  -0.952512,  -0.382409,   0.000061
   14277,  -0.949460,  -0.384850,   0.000061
   14293,  -0.943600,  -0.382775,   0.000061
   14311,  -0.940914,  -0.382531,   0.000061
   14326,  -0.941159,  -0.382164,   0.000061
   14342,  -0.942013,  -0.385094,   0.000061
   14361,  -0.948727,  -0.386315,   0.000061
   14376,  -0.947629,  -0.383019,   0.000061
   14395,  -0.951657,  -0.384118,   0.000061
   14411,  -0.946652,  -0.383385,   0.000061
   14429,  -0.941281,  -0.384240,   0.000061
   14445,  -0.941525,  -0.383263,   0.000061
   14460,  -0.947018,  -0.384850,   0.000061
   14477,  -0.948727,  -0.389489,   0.000061
   14495,  -0.949582,  -0.388635,   0.000061
   14510,  -0.954587,  -0.388512,   0.000061
   14528,  -0.955075,  -0.385705,   0.000061
   14543,  -0.961301,  -0.381920,   0.000061
   14561,  -0.958860,  -0.385705,   0.000061
   14577,  -0.961668,  -0.390710,   0.000061
   14593,  -0.956174,  -0.382164,   0.000061
   14609,  -0.950192,  -0.388757,   0.000061
   14629,  -0.943112,  -0.385338,   0.000061
   14644,  -0.933346,  -0.390222,   0.000061
   14662,  -0.932491,  -0.382775,   0.000061
   14678,  -0.931636,  -0.380822,   0.000061
   14693,  -0.924800,  -0.380944,   0.000061
   14711,  -0.924068,  -0.384240,   0.000061
   14728,  -0.926509,  -0.387170,   0.000061
   14743,  -0.937862,  -0.385827,   0.000061
   14759,  -0.966429,  -0.387170,   0.000061
   14775,  -0.959348,  -0.378502,   0.000061
   14795,  -0.963499,  -0.378258,   0.000061
   14811,  -0.970213,  -0.379479,   0.000061
   14827,  -0.983886,  -0.376915,   0.000061
   14845,  -0.977660,  -0.375572,   0.000061
   14861,  -0.975584,  -0.376183,   0.000061
   14877,  -0.975829,  -0.375328,   0.000061
   14894,  -0.967283,  -0.383629,   0.000061
   14910,  -0.967527,  -0.384850,   0.000061
   14929,  -0.954587,  -0.389123,   0.000061
   14946,  -0.945675,  -0.388879,   0.000061
   14961,  -0.946286,  -0.388512,   0.000061
   14979,  -0.946896,  -0.380333,   0.000061
   14994,  -0.946042,  -0.378502,   0.000061
   15012,  -0.953000,  -0.377403,   0.000061
   15028,  -0.946896,  -0.381188,   0.000061
   15044,  -0.952512,  -0.384728,   0.000061
   15060,  -0.950558,  -0.380455,   0.000061
   15078,  -0.953122,  -0.382409,   0.000061
   15095,  -0.953610,  -0.383385,   0.000061
   15110,  -0.953977,  -0.377526,   0.000061
   15128,  -0.956540,  -0.382286,   0.000061
   15144,  -0.954099,  -0.387536,   0.000061
   15161,  -0.948361,  -0.387048,   0.000061
   15177,  -0.947262,  -0.388268,   0.000061
   15193,  -0.945431,  -0.382286,   0.000061
   15209,  -0.942868,  -0.380211,   0.000061
   15228,  -0.942135,  -0.380333,   0.000061
   15244,  -0.942868,  -0.386315,   0.000061
   15262,  -0.942746,  -0.385461,   0.000061
   15277,  -0.940792,  -0.385461,   0.000061
   15295,  -0.941647,  -0.380700,   0.000061
   15312,  -0.944088,  -0.382409,   0.000061
   15329,  -0.954343,  -0.384606,   0.000061
   15344,  -0.951291,  -0.382164,   0.000061
   15362,  -0.952878,  -0.385461,   0.000061
   15378,  -0.943234,  -0.385827,   0.000061
   15395,  -0.950803,  -0.385827,   0.000061
   15411,  -0.954343,  -0.385949,   0.000061
   15426,  -0.945065,  -0.385094,   0.000061
   15442,  -0.944088,  -0.390344,   0.000061
   15464,  -0.944210,  -0.385094,   0.000061
   15478,  -0.949094,  -0.387780,   0.000061
   15495,  -0.953122,  -0.386925,   0.000061
   15511,  -0.951535,  -0.385216,   0.000061
   15528,  -0.948727,  -0.383019,   0.000061
   15545,  -0.940548,  -0.381432,   0.000061
   15562,  -0.941891,  -0.379723,   0.000061
   15578,  -0.941525,  -0.384118,   0.000061
   15594,  -0.947995,  -0.394738,   0.000061
   15613,  -0.950803,  -0.394738,   0.000061
   15628,  -0.961423,  -0.391320,   0.000061
   15644,  -0.963865,  -0.391442,   0.000061
   15662,  -0.964842,  -0.388879,   0.000061
   15677,  -0.967527,  -0.388635,   0.000061
   15696,  -0.964964,  -0.385216,   0.000061
   15711,  -0.959470,  -0.384972,   0.000061
   15727,  -0.956907,  -0.386559,   0.000061
   15745,  -0.963010,  -0.389611,   0.000061
   15764,  -0.959592,  -0.383874,   0.000061
   15778,  -0.946286,  -0.378746,   0.000061
   15796,  -0.945065,  -0.380333,   0.000061
   15812,  -0.941525,  -0.377159,   0.000061
   15828,  -0.948361,  -0.384606,   0.000061
   15845,  -0.945065,  -0.389733,   0.000061
   15862,  -0.942990,  -0.389611,   0.000061
   15878,  -0.942257,  -0.386193,   0.000061
   15896,  -0.940792,  -0.386071,   0.000061
   15913,  -0.941281,  -0.387170,   0.000061
   15929,  -0.945187,  -0.392175,   0.000061
   15945,  -0.944088,  -0.390222,   0.000061
   15963,  -0.947018,  -0.387902,   0.000061
   15979,  -0.951047,  -0.382897,   0.000061
   15997,  -0.952634,  -0.386071,   0.000061
   16011,  -0.949460,  -0.390222,   0.000061
   16029,  -0.952146,  -0.389855,   0.000061
   16046,  -0.951413,  -0.383019,   0.000061
   16061,  -0.952390,  -0.387536,   0.000061
   16079,  -0.951047,  -0.388024,   0.000061
   16096,  -0.947384,  -0.392663,   0.000061
   16113,  -0.942990,  -0.389123,   0.000061
   16128,  -0.938717,  -0.392297,   0.000061
   16145,  -0.943234,  -0.389977,   0.000061
   16162,  -0.947629,  -0.389245,   0.000061
   16179,  -0.950803,  -0.390832,   0.000061
   16195,  -0.954343,  -0.391442,   0.000061
   16213,  -0.948483,  -0.393151,   0.000061
   16229,  -0.950558,  -0.397058,   0.000061
   16245,  -0.947873,  -0.387658,   0.000061
   16260,  -0.950681,  -0.384240,   0.000061
   16279,  -0.948239,  -0.385827,   0.000061
   16295,  -0.946896,  -0.384972,   0.000061
   16312,  -0.945431,  -0.385705,   0.000061
   16330,  -0.944943,  -0.388757,   0.000061
   16346,  -0.944699,  -0.395837,   0.000061
   16362,  -0.947140,  -0.399133,   0.000061
   16379,  -0.946042,  -0.401087,   0.000061
   16396,  -0.948849,  -0.396448,   0.000061
   16411,  -0.957883,  -0.390710,   0.000061
   16427,  -0.955686,  -0.391442,   0.000061
   16442,  -0.956296,  -0.388146,   0.000061
   16463,  -0.954221,  -0.388146,   0.000061
   16478,  -0.952146,  -0.383751,   0.000061
   16496,  -0.942379,  -0.384606,   0.000061
   16513,  -0.936397,  -0.383507,   0.000061
   16531,  -0.936275,  -0.388512,   0.000061
   16546,  -0.932491,  -0.389123,   0.000061
   16563,  -0.940792,  -0.392175,   0.000061
   16579,  -0.944577,  -0.391076,   0.000061
   16594,  -0.948849,  -0.393762,   0.000061
   16613,  -0.952146,  -0.391686,   0.000061
   16629,  -0.954221,  -0.393029,   0.000061
   16647,  -0.950681,  -0.396081,   0.000061
   16663,  -0.946164,  -0.396570,   0.000061
   16679,  -0.942013,  -0.395715,   0.000061
   16695,  -0.941647,  -0.391686,   0.000061
   16713,  -0.945309,  -0.391320,   0.000061
   16728,  -0.948605,  -0.389123,   0.000061
   16746,  -0.952390,  -0.385827,   0.000061
   16761,  -0.951047,  -0.384850,   0.000061
   16780,  -0.958494,  -0.393029,   0.000061
   16796,  -0.950436,  -0.391931,   0.000061
   16813,  -0.950314,  -0.399622,   0.000061
   16829,  -0.956418,  -0.395593,   0.000061
   16846,  -0.958127,  -0.394372,   0.000061
   16863,  -0.954587,  -0.395471,   0.000061
   16880,  -0.955808,  -0.390588,   0.000061
   16896,  -0.959470,  -0.383263,   0.000061
   16913,  -0.950314,  -0.389001,   0.000061
   16930,  -0.947262,  -0.389855,   0.000061
   16945,  -0.936275,  -0.396814,   0.000061
   16964,  -0.935177,  -0.394494,   0.000061
   16979,  -0.941769,  -0.392053,   0.000061
   16997,  -0.942623,  -0.387414,   0.000061
   17012,  -0.942379,  -0.389733,   0.000061
   17028,  -0.941525,  -0.395471,   0.000061
   17047,  -0.942746,  -0.395349,   0.000061
   17063,  -0.944699,  -0.393274,   0.000061
   17083,  -0.947995,  -0.395715,   0.000061
   17098,  -0.953733,  -0.391198,   0.000061
   17114,  -0.951779,  -0.391442,   0.000061
   17129,  -0.951657,  -0.386925,   0.000061
   17147,  -0.947507,  -0.390222,   0.000061
   17163,  -0.944699,  -0.381188,   0.000061
   17180,  -0.950925,  -0.386803,   0.000061
   17196,  -0.945675,  -0.386315,   0.000061
   17248,  -0.935543,  -0.394372,   0.000061
   17264,  -0.940060,  -0.393274,   0.000061
   17279,  -0.945431,  -0.396325,   0.000061
   17297,  -0.949704,  -0.392053,   0.000061
   17312,  -0.955442,  -0.390466,   0.000061
   17328,  -0.953366,  -0.397424,   0.000061
   17347,  -0.957029,  -0.394738,   0.000061
   17364,  -0.960203,  -0.397058,   0.000061
   17380,  -0.953244,  -0.391076,   0.000061
   17396,  -0.949338,  -0.396692,   0.000061
   17414,  -0.953733,  -0.393640,   0.000061
   17430,  -0.949704,  -0.386925,   0.000061
   17445,  -0.948483,  -0.384972,   0.000061
   17461,  -0.949338,  -0.387780,   0.000061
   17477,  -0.942257,  -0.384606,   0.000061
   17497,  -0.945797,  -0.385338,   0.000061
   17513,  -0.943600,  -0.389245,   0.000061
   17530,  -0.945797,  -0.390344,   0.000061
   17547,  -0.952878,  -0.393396,   0.000061
   17564,  -0.959714,  -0.394250,   0.000061
   17580,  -0.949216,  -0.394128,   0.000061
   17599,  -0.941647,  -0.390588,   0.000061
   17613,  -0.958249,  -0.389245,   0.000061
   17631,  -0.967161,  -0.397424,   0.000061
   17647,  -0.964231,  -0.399499,   0.000061
   17664,  -0.950925,  -0.396570,   0.000061
   17680,  -0.949582,  -0.393762,   0.000061
   17697,  -0.945553,  -0.398157,   0.000061
   17714,  -0.948972,  -0.395105,   0.000061
   17730,  -0.937984,  -0.394128,   0.000061
   17748,  -0.947751,  -0.391931,   0.000061
   17764,  -0.928585,  -0.389123,   0.000061
   17779,  -0.933101,  -0.392175,   0.000061
   17797,  -0.935177,  -0.392419,   0.000061
   17814,  -0.937984,  -0.392541,   0.000061
   17830,  -0.943966,  -0.395837,   0.000061
   17848,  -0.946164,  -0.393151,   0.000061
   17864,  -0.950192,  -0.389367,   0.000061
   17880,  -0.954587,  -0.387292,   0.000061
   17896,  -0.952023,  -0.389855,   0.000061
   17911,  -0.948605,  -0.386315,   0.000061
   17931,  -0.943234,  -0.393151,   0.000061
   17947,  -0.946896,  -0.387658,   0.000061
   17964,  -0.950070,  -0.385827,   0.000061
   17980,  -0.953733,  -0.393396,   0.000061
   17995,  -0.946042,  -0.391564,   0.000061
   18011,  -0.946652,  -0.389001,   0.000061
   18031,  -0.952390,  -0.394983,   0.000061
   18047,  -0.949094,  -0.394494,   0.000061
   18063,  -0.950558,  -0.395349,   0.000061
   18079,  -0.951169,  -0.390710,   0.000061
   18097,  -0.951291,  -0.387292,   0.000061
   18113,  -0.945309,  -0.391076,   0.000061
   18131,  -0.943478,  -0.397424,   0.000061
   18149,  -0.943356,  -0.395837,   0.000061
   18164,  -0.942501,  -0.393518,   0.000061
   18182,  -0.944210,  -0.394372,   0.000061
   18197,  -0.947018,  -0.393396,   0.000061
   18214,  -0.935177,  -0.390099,   0.000061
   18231,  -0.942257,  -0.387780,   0.000061
   18247,  -0.943356,  -0.385827,   0.000061
   18264,  -0.947751,  -0.391686,   0.000061
   18279,  -0.953000,  -0.397912,   0.000061
   18297,  -0.950192,  -0.396203,   0.000061
   18313,  -0.945187,  -0.384728,   0.000061
   18331,  -0.944943,  -0.388512,   0.000061
   18347,  -0.937252,  -0.392053,   0.000061
   18363,  -0.946286,  -0.397424,   0.000061
   18380,  -0.946042,  -0.393884,   0.000061
   18395,  -0.950681,  -0.391320,   0.000061
   18415,  -0.959348,  -0.392541,   0.000061
   18430,  -0.956052,  -0.391320,   0.000061
   18446,  -0.954221,  -0.394616,   0.000061
   18464,  -0.952878,  -0.396936,   0.000061
   18480,  -0.951901,  -0.388268,   0.000061
   18498,  -0.950436,  -0.390344,   0.000061
   18513,  -0.947995,  -0.390099,   0.000061
   18531,  -0.949948,  -0.385094,   0.000061
   18546,  -0.945431,  -0.389123,   0.000061
   18565,  -0.951901,  -0.397424,   0.000061
   18580,  -0.952756,  -0.396203,   0.000061
   18598,  -0.947140,  -0.393274,   0.000061
   18614,  -0.945309,  -0.389977,   0.000061
   18629,  -0.944210,  -0.396203,   0.000061
   18649,  -0.940426,  -0.399011,   0.000061
   18664,  -0.944455,  -0.393518,   0.000061
   18680,  -0.947873,  -0.394250,   0.000061
   18698,  -0.945553,  -0.395593,   0.000061
   18715,  -0.949460,  -0.396448,   0.000061
   18731,  -0.954221,  -0.392541,   0.000061
   18748,  -0.947873,  -0.394250,   0.000061
   18764,  -0.946164,  -0.393396,   0.000061
   18782,  -0.940670,  -0.392663,   0.000061
   18799,  -0.944333,  -0.392053,   0.000061
   18814,  -0.937984,  -0.395227,   0.000061
   18831,  -0.937618,  -0.393640,   0.000061
   18847,  -0.938595,  -0.386803,   0.000061
   18864,  -0.940914,  -0.387048,   0.000061
   18882,  -0.946042,  -0.390954,   0.000061
   18897,  -0.941159,  -0.394738,   0.000061
   18913,  -0.945187,  -0.397058,   0.000061
   18931,  -0.957517,  -0.391198,   0.000061
   18946,  -0.957395,  -0.389855,   0.000061
   18965,  -0.955564,  -0.390466,   0.000061
   18981,  -0.944821,  -0.397546,   0.000061
   18998,  -0.938107,  -0.395471,   0.000061
   19014,  -0.942746,  -0.389611,   0.000061
   19029,  -0.945309,  -0.389245,   0.000061
   19048,  -0.949094,  -0.386559,   0.000061
   19064,  -0.951291,  -0.392907,   0.000061
   19079,  -0.952634,  -0.395105,   0.000061
   19098,  -0.950436,  -0.389123,   0.000061
   19115,  -0.946896,  -0.387902,   0.000061
   19131,  -0.950192,  -0.392907,   0.000061
   19149,  -0.947995,  -0.398645,   0.000061
   19164,  -0.939938,  -0.405237,   0.000061
   19182,  -0.933101,  -0.397790,   0.000061
   19198,  -0.934688,  -0.394861,   0.000061
   19216,  -0.941403,  -0.392785,   0.000061
   19229,  -0.945065,  -0.391931,   0.000061
   19248,  -0.951657,  -0.394128,   0.000061
   19265,  -0.951535,  -0.386681,   0.000061
   19280,  -0.951901,  -0.390832,   0.000061
   19298,  -0.950558,  -0.394250,   0.000061
   19316,  -0.951169,  -0.395837,   0.000061
   19331,  -0.953855,  -0.397546,   0.000061
   19346,  -0.947995,  -0.394616,   0.000061
   19365,  -0.948117,  -0.390588,   0.000061
   19382,  -0.944699,  -0.387902,   0.000061
   19398,  -0.946286,  -0.390954,   0.000061
   19414,  -0.944699,  -0.397058,   0.000061
   19433,  -0.950558,  -0.394983,   0.000061
   19449,  -0.950803,  -0.392663,   0.000061
   19464,  -0.951779,  -0.388268,   0.000061
   19479,  -0.951657,  -0.387292,   0.000061
   19498,  -0.955564,  -0.387048,   0.000061
   19514,  -0.953977,  -0.385216,   0.000061
   19531,  -0.948972,  -0.384972,   0.000061
   19547,  -0.949094,  -0.392663,   0.000061
   19565,  -0.943234,  -0.392419,   0.000061
   19582,  -0.945187,  -0.390832,   0.000061
   19598,  -0.944088,  -0.388635,   0.000061
   19616,  -0.944821,  -0.392175,   0.000061
   19631,  -0.948117,  -0.391076,   0.000061
   19648,  -0.945675,  -0.390466,   0.000061
   19664,  -0.958860,  -0.389123,   0.000061
   19680,  -0.954709,  -0.386559,   0.000061
   19696,  -0.947384,  -0.387536,   0.000061
   19715,  -0.948239,  -0.390832,   0.000061
   19730,  -0.939205,  -0.388390,   0.000061
   19747,  -0.941159,  -0.393151,   0.000061
   19768,  -0.941159,  -0.395593,   0.000061
   19784,  -0.948605,  -0.391076,   0.000061
   19799,  -0.954343,  -0.390954,   0.000061
   19816,  -0.953855,  -0.390954,   0.000061
   19832,  -0.955686,  -0.393640,   0.000061
   19849,  -0.952390,  -0.392297,   0.000061
   19865,  -0.946896,  -0.387292,   0.000061
   19881,  -0.945065,  -0.389245,   0.000061
   19899,  -0.937130,  -0.388757,   0.000061
   19915,  -0.935787,  -0.385583,   0.000061
   19932,  -0.928218,  -0.379723,   0.000061
   19948,  -0.915644,  -0.376671,   0.000061
   19966,  -0.920405,  -0.382409,   0.000061
   19981,  -0.901850,  -0.381066,   0.000061
   19996,  -0.905024,  -0.381920,   0.000061
   20016,  -0.893304,  -0.369468,   0.000061
   20031,  -0.883904,  -0.360801,   0.000061
   20049,  -0.906366,  -0.353354,   0.000061
   20065,  -0.893914,  -0.349203,   0.000061
   20080,  -0.876946,  -0.340292,   0.000061
   20100,  -0.883782,  -0.328939,   0.000061
   20115,  -0.935787,  -0.317219,   0.000061
   20131,  -0.962278,  -0.314045,   0.000061
   20149,  -0.981444,  -0.294635,   0.000061
   20165,  -0.979491,  -0.289385,   0.000061
   20182,  -1.012696,  -0.267045,   0.000061
   20198,  -1.037844,  -0.260941,   0.000061
   20214,  -1.068486,  -0.264237,   0.000061
   20232,  -1.097418,  -0.256669,   0.000061
   20248,  -1.084600,  -0.215650,   0.000061
   20263,  -1.004273,  -0.232497,   0.000061
   20283,  -0.996338,  -0.244705,   0.000061
   20300,  -0.929073,  -0.244461,   0.000061
   20315,  -0.879998,  -0.234817,   0.000061
   20333,  -0.817005,  -0.208570,   0.000061
   20349,  -0.773302,  -0.203076,   0.000061
   20366,  -0.703351,  -0.214674,   0.000061
   20382,  -0.640237,  -0.253250,   0.000061
   20399,  -0.552829,  -0.274004,   0.000061
   20415,  -0.445767,  -0.288653,   0.000061
   20432,  -0.413172,  -0.291094,   0.000061
   20449,  -0.376915,  -0.314655,   0.000061
   20465,  -0.294513,  -0.318196,   0.000061
   20481,  -0.248733,  -0.311848,   0.000061
   20497,  -0.155222,  -0.331868,   0.000061
   20516,  -0.061466,  -0.384362,   0.000061
   20531,   0.052677,  -0.368125,   0.000061
   20549,   0.114448,  -0.376793,   0.000061
   20565,   0.217481,  -0.394616,   0.000061
   20580,   0.263017,  -0.375084,   0.000061
   20600,   0.292926,  -0.421229,   0.000061
   20616,   0.386437,  -0.428188,   0.000061
   20632,   0.463590,  -0.444180,   0.000061
   20650,   0.550021,  -0.441616,   0.000061
   20666,   0.621071,  -0.450894,   0.000061
   20685,   0.665507,  -0.441128,   0.000061
   20699,   0.744491,  -0.446744,   0.000061
   20717,   0.747909,  -0.461027,   0.000061
   20733,   0.722761,  -0.493621,   0.000061
   20750,   0.675151,  -0.514008,   0.000061
   20766,   0.767564,  -0.538302,   0.000061
   20781,   0.796130,  -0.612525,   0.000061
   20799,   0.877068,  -0.537814,   0.000061
   20818,   0.772569,  -0.579930,   0.000061
   20832,   0.684917,  -0.608741,   0.000061
   20850,   0.669536,  -0.601294,   0.000061
   20866,   0.728011,  -0.669169,   0.000061
   20883,   0.501190,  -0.748520,   0.000061
   20900,   0.538912,  -0.778429,   0.000061
   20916,   0.474821,  -0.626808,   0.000061
   20933,   0.589330,  -0.674541,   0.000061
   20949,   0.410731,  -0.673930,   0.000061
   20967,   0.560398,  -0.683941,   0.000061
   20982,   0.614234,  -0.600317,   0.000061
   20998,   0.653665,  -0.537814,   0.000061
   21016,   0.628884,  -0.526827,   0.000061
   21033,   0.678447,  -0.668681,   0.000061
   21050,   0.261063,  -0.941036,   0.000061
   21065,   0.140328,  -1.058231,   0.000061
   21081,   0.611915,  -0.957517,   0.000061
   21100,   0.762437,  -0.859000,   0.000061
   21117,   0.955197,  -0.808338,   0.000061
   21133,   0.944699,  -0.835439,   0.000061
   21148,   0.884026,  -0.956052,   0.000061
   21166,   1.024538,  -1.081182,   0.000061
   21183,   0.845327,  -1.026003,   0.000061
   21201,   0.623024,  -0.867790,   0.000061
   21216,   0.397424,  -0.869255,   0.000061
   21234,   0.277544,  -0.935909,   0.000061
   21249,   0.280596,  -0.954099,   0.000061
   21267,   0.349081,  -0.978270,   0.000061
   21282,   0.421107,  -1.007691,   0.000061
   21297,   0.445889,  -0.986327,   0.000061
   21312,   0.421229,  -0.969603,   0.000061
   21337,   0.405481,  -0.981810,   0.000061
   21350,   0.415736,  -0.932247,   0.000061
   21367,   0.391320,  -0.942013,   0.000061
   21382,   0.360435,  -0.953244,   0.000061
   21400,   0.358726,  -0.969359,   0.000061
   21416,   0.359580,  -0.948361,   0.000061
   21437,   0.356040,  -0.937496,   0.000061
   21450,   0.325765,  -0.940792,   0.000061
   21467,   0.322346,  -0.952878,   0.000061
   21483,   0.337972,  -0.966795,   0.000061
   21499,   0.328938,  -0.972655,   0.000061
   21517,   0.328816,  -0.963865,   0.000061
   21532,   0.327596,  -0.958249,   0.000061
   21550,   0.330770,  -0.962034,   0.000061
   21565,   0.345785,  -0.968138,   0.000061
   21584,   0.366172,  -0.969481,   0.000061
   21599,   0.360190,  -0.970213,   0.000061
   21614,   0.349448,  -0.964475,   0.000061
   21633,   0.309406,  -0.956174,   0.000061
   21649,   0.294879,  -0.969359,   0.000061
   21667,   0.290850,  -0.966184,   0.000061
   21684,   0.288775,  -0.969481,   0.000061
   21700,   0.308552,  -0.969969,   0.000061
   21718,   0.346274,  -0.979125,   0.000061
   21734,   0.369712,  -0.977416,   0.000061
   21750,   0.360312,  -0.976927,   0.000061
   21768,   0.319294,  -0.981444,   0.000061
   21785,   0.287676,  -0.990112,   0.000061
   21801,   0.300128,  -1.004029,   0.000061
   21817,   0.400476,  -0.972533,   0.000061
   21835,   0.470549,  -0.898187,   0.000061
   21850,   0.445645,  -0.866081,   0.000061
   21865,   0.382653,  -0.959592,   0.000061
   21881,   0.355551,  -0.989990,   0.000061
   21900,   0.340414,  -1.021730,   0.000061
   21917,   0.348471,  -1.006470,   0.000061
   21936,   0.351767,  -1.012086,   0.000061
   21951,   0.301593,  -0.978270,   0.000061
   21967,   0.310627,  -0.975951,   0.000061
   21984,   0.232253,  -1.050418,   0.000061
   22000,   0.285601,  -0.932369,   0.000061
   22018,   0.302692,  -0.949338,   0.000061
   22034,   0.285723,  -0.959104,   0.000061
   22050,   0.276689,  -0.967894,   0.000061
   22066,   0.315388,  -0.964720,   0.000061
   22085,   0.339437,  -0.936397,   0.000061
   22101,   0.314655,  -0.924678,   0.000061
   22116,   0.276933,  -0.900751,   0.000061
   22131,   0.264359,  -0.915400,   0.000061
   22151,   0.258866,  -0.915278,   0.000061
   22167,   0.266191,  -0.954465,   0.000061
   22184,   0.294024,  -0.985107,   0.000061
   22200,   0.305744,  -1.012086,   0.000061
   22217,   0.311359,  -1.027590,   0.000061
   22234,   0.284380,  -1.042849,   0.000061
   22251,   0.227492,  -1.026857,   0.000061
   22266,   0.195874,  -0.992309,   0.000061
   22282,   0.125069,  -0.973631,   0.000061
   22301,   0.090154,  -1.009278,   0.000061
   22318,   0.152658,  -1.027712,   0.000061
   22333,   0.185131,  -1.032595,   0.000061
   22349,   0.192578,  -1.040896,   0.000061
   22368,   0.220778,  -1.022096,   0.000061
   22384,   0.204541,  -1.003174,   0.000061
   22401,   0.178905,  -1.023195,   0.000061
   22417,   0.178295,  -1.044925,   0.000061
   22434,   0.181591,  -1.034792,   0.000061
   22450,   0.195385,  -1.043093,   0.000061
   22469,   0.208936,  -1.032839,   0.000061
   22485,   0.212476,  -1.020387,   0.000061
   22501,   0.203076,  -1.003296,   0.000061
   22518,   0.177196,  -1.010743,   0.000061
   22534,   0.152902,  -1.002442,   0.000061
   22551,   0.143625,  -0.997925,   0.000061
   22566,   0.147775,  -0.988281,   0.000061
   22584,   0.157175,  -0.999268,   0.000061
   22600,   0.175243,  -1.006836,   0.000061
   22618,   0.180980,  -1.008790,   0.000061
   22634,   0.161448,  -0.993652,   0.000061
   22650,   0.156443,  -0.999390,   0.000061
   22668,   0.150461,  -1.007569,   0.000061
   22683,   0.158030,  -1.016847,   0.000061
   22698,   0.165721,  -1.019410,   0.000061
   22718,   0.165232,  -1.017701,   0.000061
   22735,   0.165232,  -1.008301,   0.000061
   22751,   0.160471,  -1.016480,   0.000061
   22767,   0.143014,  -1.015504,   0.000061
   22782,   0.128731,  -1.007203,   0.000061
   22801,   0.139962,  -1.012696,   0.000061
   22819,   0.160349,  -1.017579,   0.000061
   22835,   0.160593,  -1.014039,   0.000061
   22851,   0.151315,  -1.006226,   0.000061
   22869,   0.129219,  -1.008912,   0.000061
   22885,   0.116645,  -1.004639,   0.000061
   22900,   0.138986,  -1.012086,   0.000061
   22918,   0.152048,  -1.010377,   0.000061
   22934,   0.155466,  -1.008057,   0.000061
   22950,   0.166697,  -1.013795,   0.000061
   22968,   0.176952,  -1.020265,   0.000061
   22984,   0.147287,  -1.009888,   0.000061
   23003,   0.121773,  -1.010255,   0.000061
   23018,   0.102851,  -1.013917,   0.000061
   23034,   0.121162,  -1.029421,   0.000061
   23051,   0.160715,  -1.026735,   0.000061
   23068,   0.182323,  -1.024538,   0.000061
   23085,   0.185253,  -1.008179,   0.000061
   23100,   0.149728,  -1.005616,   0.000061
   23119,   0.144723,  -1.005005,   0.000061
   23134,   0.132271,  -1.009156,   0.000061
   23151,   0.141549,  -1.005860,   0.000061
   23167,   0.165232,  -1.006958,   0.000061
   23186,   0.176341,  -1.004639,   0.000061
   23201,   0.173045,  -1.013184,   0.000061
   23218,   0.162180,  -1.010377,   0.000061
   23234,   0.142648,  -1.017213,   0.000061
   23252,   0.132760,  -1.003662,   0.000061
   23268,   0.132882,  -1.013184,   0.000061
   23283,   0.138741,  -1.014405,   0.000061
   23302,   0.156931,  -1.023073,   0.000061
   23318,   0.175609,  -1.016114,   0.000061
   23335,   0.164256,  -1.016114,   0.000061
   23350,   0.155710,  -1.006592,   0.000061
   23366,   0.152780,  -1.006470,   0.000061
   23381,   0.151560,  -1.007203,   0.000061
   23402,   0.144845,  -1.008912,   0.000061
   23418,   0.164988,  -1.013429,   0.000061
   23434,   0.174632,  -1.018800,   0.000061
   23452,   0.162791,  -1.015260,   0.000061
   23467,   0.143136,  -1.014283,   0.000061
   23486,   0.134102,  -1.010499,   0.000061
   23501,   0.135079,  -1.011597,   0.000061
   23518,   0.145578,  -1.016725,   0.000061
   23536,   0.162913,  -1.021119,   0.000061
   23552,   0.167430,  -1.012940,   0.000061
   23568,   0.157419,  -1.010255,   0.000061
   23586,   0.145822,  -1.010132,   0.000061
   23601,   0.138619,  -1.011597,   0.000061
   23618,   0.132027,  -1.011719,   0.000061
   23634,   0.132515,  -1.010865,   0.000061
   23653,   0.144357,  -1.014649,   0.000061
   23668,   0.155222,  -1.015382,   0.000061
   23685,   0.157419,  -1.017579,   0.000061
   23701,   0.161204,  -1.013795,   0.000061
   23719,   0.145578,  -1.013917,   0.000061
   23735,   0.136422,  -1.008667,   0.000061
   23751,   0.128609,  -1.011475,   0.000061
   23766,   0.142526,  -1.010987,   0.000061
   23787,   0.149850,  -1.019777,   0.000061
   23802,   0.153147,  -1.013551,   0.000061
   23819,   0.143380,  -1.016358,   0.000061
   23836,   0.130928,  -1.011719,   0.000061
   23852,   0.132271,  -1.014405,   0.000061
   23868,   0.143747,  -1.010987,   0.000061
   23885,   0.151071,  -1.010987,   0.000061
   23901,   0.149973,  -1.015626,   0.000061
   23919,   0.152170,  -1.014527,   0.000061
   23935,   0.153147,  -1.014161,   0.000061
   23950,   0.144357,  -1.019777,   0.000061
   23970,   0.146921,  -1.000366,   0.000061
   23984,   0.153879,  -1.006104,   0.000061
   24002,   0.156687,  -1.004151,   0.000061
   24018,   0.164256,  -1.008912,   0.000061
   24035,   0.170970,  -1.010865,   0.000061
   24054,   0.161692,  -1.015382,   0.000061
   24069,   0.156076,  -1.012818,   0.000061
   24085,   0.159739,  -1.015382,   0.000061
   24103,   0.159861,  -1.012818,   0.000061
   24118,   0.149973,  -1.014039,   0.000061
   24136,   0.150217,  -1.008790,   0.000061
   24151,   0.152414,  -1.011353,   0.000061
   24167,   0.149606,  -1.011475,   0.000061
   24186,   0.148508,  -1.010010,   0.000061
   24202,   0.143136,  -1.007691,   0.000061
   24219,   0.150217,  -1.012452,   0.000061
   24235,   0.160349,  -1.011353,   0.000061
   24253,   0.162058,  -1.018922,   0.000061
   24268,   0.162058,  -1.015992,   0.000061
   24283,   0.159861,  -1.012086,   0.000061
   24302,   0.150705,  -1.010132,   0.000061
   24318,   0.149118,  -1.012452,   0.000061
   24336,   0.168528,  -1.017457,   0.000061
   24352,   0.168895,  -1.014527,   0.000061
   24368,   0.164744,  -1.008545,   0.000061
   24383,   0.159983,  -1.007203,   0.000061
   24403,   0.155588,  -1.013062,   0.000061
   24420,   0.148996,  -1.010010,   0.000061
   24435,   0.145211,  -1.009766,   0.000061
   24451,   0.149240,  -1.011231,   0.000061
   24469,   0.159617,  -1.014161,   0.000061
   24485,   0.161448,  -1.010987,   0.000061
   24503,   0.159617,  -1.013795,   0.000061
   24519,   0.157297,  -1.004761,   0.000061
   24536,   0.151804,  -1.014527,   0.000061
   24552,   0.155344,  -1.010621,   0.000061
   24570,   0.168040,  -1.015870,   0.000061
   24585,   0.160227,  -1.017457,   0.000061
   24604,   0.164378,  -1.016725,   0.000061
   24619,   0.160349,  -1.011964,   0.000061
   24636,   0.153269,  -1.014161,   0.000061
   24654,   0.153635,  -1.008179,   0.000061
   24669,   0.161448,  -1.010987,   0.000061
   24686,   0.163645,  -1.010621,   0.000061
   24704,   0.155222,  -1.008790,   0.000061
   24719,   0.152048,  -1.013429,   0.000061
   24736,   0.144723,  -1.014283,   0.000061
   24752,   0.150583,  -1.010621,   0.000061
   24770,   0.143747,  -1.010865,   0.000061
   24786,   0.141305,  -1.009278,   0.000061
   24804,   0.145456,  -1.018922,   0.000061
   24819,   0.152658,  -1.016358,   0.000061
   24836,   0.155222,  -1.011353,   0.000061
   24852,   0.166209,  -1.007081,   0.000061
   24868,   0.167430,  -1.009156,   0.000061
   24888,   0.159739,  -1.012452,   0.000061
   24903,   0.155954,  -1.011475,   0.000061
   24920,   0.150461,  -1.013551,   0.000061
   24936,   0.154001,  -1.019044,   0.000061
   24952,   0.153513,  -1.012818,   0.000061
   24970,   0.147043,  -1.010132,   0.000061
   24986,   0.150095,  -1.010132,   0.000061
   25002,   0.150705,  -1.009400,   0.000061
   25018,   0.153879,  -1.005860,   0.000061
   25037,   0.154489,  -1.007325,   0.000061
   25052,   0.150217,  -1.012818,   0.000061
   25070,   0.148263,  -1.005982,   0.000061
   25086,   0.151071,  -1.012452,   0.000061
   25103,   0.157419,  -1.016847,   0.000061
   25120,   0.155344,  -1.013062,   0.000061
   25137,   0.149484,  -1.017823,   0.000061
   25153,   0.154367,  -1.013795,   0.000061
   25171,   0.142160,  -1.009156,   0.000061
   25186,   0.134469,  -1.013795,   0.000061
   25205,   0.143136,  -1.012452,   0.000061
   25219,   0.149728,  -1.015992,   0.000061
   25235,   0.153757,  -1.019288,   0.000061
   25253,   0.148996,  -1.013306,   0.000061
   25269,   0.139352,  -1.009156,   0.000061
   25288,   0.138131,  -1.012330,   0.000061
   25303,   0.137765,  -1.013062,   0.000061
   25320,   0.142038,  -1.016847,   0.000061
   25337,   0.146921,  -1.014283,   0.000061
   25353,   0.156809,  -1.018067,   0.000061
   25369,   0.147165,  -1.019044,   0.000061
   25388,   0.144357,  -1.023195,   0.000061
   25403,   0.143136,  -1.011353,   0.000061
   25421,   0.145334,  -1.005494,   0.000061
   25438,   0.156443,  -1.010987,   0.000061
   25453,   0.150705,  -1.014771,   0.000061
   25468,   0.146188,  -1.004883,   0.000061
   25484,   0.148386,  -1.007447,   0.000061
   25503,   0.147531,  -1.011353,   0.000061
   25519,   0.149484,  -1.014039,   0.000061
   25537,   0.151071,  -1.014405,   0.000061
   25553,   0.152048,  -1.015138,   0.000061
   25570,   0.151438,  -1.011964,   0.000061
   25586,   0.145700,  -1.015870,   0.000061
   25603,   0.135689,  -1.017335,   0.000061
   25620,   0.135323,  -1.021608,   0.000061
   25640,   0.135567,  -1.015870,   0.000061
   25656,   0.144357,  -1.012818,   0.000061
   25672,   0.147897,  -1.015138,   0.000061
   25687,   0.143502,  -1.015016,   0.000061
   25706,   0.136788,  -1.016725,   0.000061
   25720,   0.128487,  -1.017213,   0.000061
   25738,   0.139840,  -1.019410,   0.000061
   25753,   0.145456,  -1.017579,   0.000061
   25768,   0.140450,  -1.015992,   0.000061
   25787,   0.136910,  -1.012818,   0.000061
   25804,   0.132027,  -1.014405,   0.000061
   25820,   0.135445,  -1.014039,   0.000061
   25837,   0.140450,  -1.012574,   0.000061
   25853,   0.131050,  -1.007569,   0.000061
   25871,   0.131050,  -1.012574,   0.000061
   25887,   0.139352,  -1.012452,   0.000061
   25904,   0.134102,  -1.019410,   0.000061
   25920,   0.141061,  -1.015748,   0.000061
   25936,   0.138253,  -1.014405,   0.000061
   25954,   0.132271,  -1.013306,   0.000061
   25971,   0.132027,  -1.013673,   0.000061
   25986,   0.138009,  -1.014161,   0.000061
   26002,   0.133980,  -1.013673,   0.000061
   26018,   0.134957,  -1.015382,   0.000061
   26037,   0.127999,  -1.018434,   0.000061
   26053,   0.128609,  -1.010621,   0.000061
   26071,   0.124825,  -1.016236,   0.000061
   26089,   0.127144,  -1.017213,   0.000061
   26104,   0.134591,  -1.016847,   0.000061
   26119,   0.138863,  -1.013062,   0.000061
   26138,   0.138741,  -1.011353,   0.000061
   26153,   0.141427,  -1.010743,   0.000061
   26173,   0.134469,  -1.010621,   0.000061
   26188,   0.120430,  -1.015260,   0.000061
   26206,   0.123237,  -1.014161,   0.000061
   26470,   0.130562,  -1.016847,   0.000061
   26488,   0.128121,  -1.014771,   0.000061
   26506,   0.132393,  -1.014649,   0.000061
   26520,   0.138131,  -1.018800,   0.000061
   26536,   0.140206,  -1.014649,   0.000061
   26552,   0.136422,  -1.015016,   0.000061
   26572,   0.137521,  -1.004151,   0.000061
   26587,   0.136178,  -1.008790,   0.000061
   26604,   0.135079,  -1.014039,   0.000061
   26620,   0.127999,  -1.018678,   0.000061
   26636,   0.126900,  -1.012330,   0.000061
   26651,   0.132027,  -1.015382,   0.000061
   26672,   0.141793,  -1.017945,   0.000061
   26688,   0.139596,  -1.017335,   0.000061
   26707,   0.135689,  -1.018800,   0.000061
   26723,   0.126656,  -1.018800,   0.000061
   26737,   0.124825,  -1.016480,   0.000061
   26756,   0.125435,  -1.018190,   0.000061
   26771,   0.138375,  -1.021364,   0.000061
   26788,   0.138253,  -1.019166,   0.000061
   26805,   0.140573,  -1.013917,   0.000061
   26821,   0.125679,  -1.012940,   0.000061
   26838,   0.122871,  -1.008667,   0.000061
   26854,   0.131050,  -1.012818,   0.000061
   26869,   0.137398,  -1.015260,   0.000061
   26888,   0.132515,  -1.016969,   0.000061
   26904,   0.134469,  -1.013673,   0.000061
   26923,   0.130074,  -1.012818,   0.000061
   26937,   0.130196,  -1.013306,   0.000061
   26953,   0.132149,  -1.016358,   0.000061
   26973,   0.134835,  -1.011231,   0.000061
   26987,   0.131661,  -1.017213,   0.000061
   27003,   0.143380,  -1.015626,   0.000061
   27021,   0.146066,  -1.010987,   0.000061
   27037,   0.138741,  -1.019899,   0.000061
   27055,   0.135201,  -1.013917,   0.000061
   27070,   0.140450,  -1.010865,   0.000061
   27086,   0.131539,  -1.013917,   0.000061
   27102,   0.132027,  -1.011964,   0.000061
   27122,   0.133248,  -1.013917,   0.000061
   27138,   0.140084,  -1.016114,   0.000061
   27154,   0.132760,  -1.015626,   0.000061
   27169,   0.134469,  -1.017945,   0.000061
   27189,   0.126412,  -1.012452,   0.000061
   27204,   0.133858,  -1.017335,   0.000061
   27222,   0.139230,  -1.015138,   0.000061
   27238,   0.139352,  -1.013306,   0.000061
   27254,   0.143380,  -1.015870,   0.000061
   27270,   0.146432,  -1.016358,   0.000061
   27288,   0.148141,  -1.016969,   0.000061
   27305,   0.148874,  -1.020509,   0.000061
   27322,   0.140573,  -1.012574,   0.000061
   27339,   0.139108,  -1.012330,   0.000061
   27354,   0.142038,  -1.011231,   0.000061
   27373,   0.142160,  -1.019044,   0.000061
   27388,   0.140328,  -1.012452,   0.000061
   27404,   0.137643,  -1.012818,   0.000061
   27424,   0.142404,  -1.012574,   0.000061
   27437,   0.141549,  -1.017701,   0.000061
   27456,   0.144235,  -1.014161,   0.000061
   27471,   0.137032,  -1.012452,   0.000061
   27487,   0.133370,  -1.010865,   0.000061
   27502,   0.130928,  -1.009522,   0.000061
   27522,   0.133858,  -1.007447,   0.000061
   27538,   0.151682,  -1.012086,   0.000061
   27553,   0.154978,  -1.017213,   0.000061
   27572,   0.151438,  -1.014894,   0.000061
   27587,   0.149362,  -1.013184,   0.000061
   27606,   0.147409,  -1.011964,   0.000061
   27622,   0.152902,  -1.011109,   0.000061
   27638,   0.147653,  -1.013551,   0.000061
   27655,   0.149484,  -1.013429,   0.000061
   27671,   0.143991,  -1.013551,   0.000061
   27687,   0.146188,  -1.016358,   0.000061
   27703,   0.146676,  -1.010621,   0.000061
   27718,   0.141305,  -1.012208,   0.000061
   27740,   0.136910,  -1.010377,   0.000061
   27758,   0.143258,  -1.014039,   0.000061
   27774,   0.156199,  -1.021242,   0.000061
   27787,   0.158762,  -1.014527,   0.000061
   27803,   0.157419,  -1.010743,   0.000061
   27822,   0.147287,  -1.016114,   0.000061
   27839,   0.147165,  -1.012818,   0.000061
   27855,   0.146066,  -1.015748,   0.000061
   27872,   0.146310,  -1.011109,   0.000061
   27888,   0.148630,  -1.011353,   0.000061
   27905,   0.148019,  -1.007935,   0.000061
   27921,   0.147653,  -1.006348,   0.000061
   27939,   0.146921,  -1.011597,   0.000061
   27956,   0.146921,  -1.009034,   0.000061
   27971,   0.149728,  -1.017091,   0.000061
   27990,   0.153269,  -1.017945,   0.000061
   28005,   0.151682,  -1.013429,   0.000061
   28020,   0.142770,  -1.013917,   0.000061
   28039,   0.146066,  -1.015992,   0.000061
   28056,   0.146432,  -1.018434,   0.000061
   28071,   0.155588,  -1.017213,   0.000061
   28087,   0.153513,  -1.012940,   0.000061
   28103,   0.153879,  -1.007447,   0.000061
   28119,   0.146921,  -1.013795,   0.000061
   28139,   0.150705,  -1.010865,   0.000061
   28156,   0.142160,  -1.007691,   0.000061
   28171,   0.153879,  -1.011475,   0.000061
   28189,   0.153024,  -1.008545,   0.000061
   28205,   0.146432,  -1.011719,   0.000061
   28223,   0.145211,  -1.009278,   0.000061
   28239,   0.144723,  -1.011719,   0.000061
   28254,   0.141061,  -1.016847,   0.000061
   28270,   0.146310,  -1.012574,   0.000061
   28289,   0.150461,  -1.015504,   0.000061
   28306,   0.155344,  -1.019410,   0.000061
   28325,   0.153757,  -1.016603,   0.000061
   28341,   0.143502,  -1.007447,   0.000061
   28356,   0.143258,  -1.012818,   0.000061
   28373,   0.147775,  -1.013795,   0.000061
   28388,   0.151926,  -1.014771,   0.000061
   28406,   0.156565,  -1.014527,   0.000061
   28424,   0.144967,  -1.012940,   0.000061
   28439,   0.140206,  -1.013917,   0.000061
   28455,   0.140573,  -1.011719,   0.000061
   28473,   0.137521,  -1.012330,   0.000061
   28488,   0.143625,  -1.013795,   0.000061
   28507,   0.154856,  -1.018067,   0.000061
   28522,   0.156443,  -1.017701,   0.000061
   28538,   0.146432,  -1.012086,   0.000061
   28556,   0.133126,  -1.011109,   0.000061
   28575,   0.133614,  -1.010499,   0.000061
   28589,   0.136788,  -1.012208,   0.000061
   28604,   0.136910,  -1.017945,   0.000061
   28623,   0.143625,  -1.012940,   0.000061
   28638,   0.140817,  -1.016236,   0.000061
   28658,   0.148141,  -1.018067,   0.000061
   28673,   0.151071,  -1.013184,   0.000061
   28688,   0.146798,  -1.013062,   0.000061
   28706,   0.136178,  -1.015870,   0.000061
   28721,   0.138253,  -1.010499,   0.000061
   28740,   0.145089,  -1.013917,   0.000061
   28755,   0.146921,  -1.011719,   0.000061
   28773,   0.143869,  -1.011842,   0.000061
   28789,   0.141915,  -1.016480,   0.000061
   28807,   0.142282,  -1.015870,   0.000061
   28823,   0.139840,  -1.012574,   0.000061
   28838,   0.140939,  -1.013551,   0.000061
   28858,   0.146432,  -1.015992,   0.000061
   28873,   0.151560,  -1.020021,   0.000061
   28891,   0.146676,  -1.016114,   0.000061
   28906,   0.139230,  -1.015016,   0.000061
   28923,   0.137154,  -1.016725,   0.000061
   28941,   0.133004,  -1.017579,   0.000061
   28956,   0.127144,  -1.010865,   0.000061
   28974,   0.126534,  -1.014161,   0.000061
   28989,   0.141183,  -1.012940,   0.000061
   29005,   0.136056,  -1.019777,   0.000061
   29024,   0.143502,  -1.015016,   0.000061
   29040,   0.141183,  -1.012574,   0.000061
   29057,   0.137398,  -1.014771,   0.000061
   29073,   0.135567,  -1.020265,   0.000061
   29089,   0.133980,  -1.017335,   0.000061
   29104,   0.131783,  -1.017701,   0.000061
   29123,   0.131295,  -1.017579,   0.000061
   29138,   0.133614,  -1.015870,   0.000061
   29154,   0.145822,  -1.017457,   0.000061
   29174,   0.143136,  -1.012452,   0.000061
   29190,   0.146066,  -1.014161,   0.000061
   29208,   0.144235,  -1.015870,   0.000061
   29224,   0.139962,  -1.011964,   0.000061
   29239,   0.131295,  -1.009766,   0.000061
   29255,   0.135445,  -1.014283,   0.000061
   29270,   0.133614,  -1.013062,   0.000061
   29290,   0.143502,  -1.018678,   0.000061
   29306,   0.145456,  -1.010743,   0.000061
   29324,   0.138009,  -1.016847,   0.000061
   29339,   0.139718,  -1.013429,   0.000061
   29357,   0.138009,  -1.018190,   0.000061
   29375,   0.131539,  -1.020265,   0.000061
   29389,   0.127388,  -1.019532,   0.000061
   29408,   0.122017,  -1.013184,   0.000061
   29423,   0.132393,  -1.015138,   0.000061
   29444,   0.129341,  -1.016603,   0.000061
   29458,   0.125801,  -1.016969,   0.000061
   29473,   0.126900,  -1.012696,   0.000061
   29492,   0.119697,  -1.012940,   0.000061
   29507,   0.125069,  -1.013062,   0.000061
   29522,   0.131173,  -1.013429,   0.000061
   29540,   0.136910,  -1.009766,   0.000061
   29556,   0.131417,  -1.017457,   0.000061
   29574,   0.123360,  -1.006104,   0.000061
   29589,   0.113837,  -1.009522,   0.000061
   29605,   0.124336,  -1.018922,   0.000061
   29624,   0.131905,  -1.025880,   0.000061
   29639,   0.135079,  -1.017945,   0.000061
   29657,   0.128853,  -1.015138,   0.000061
   29672,   0.132760,  -1.013062,   0.000061
   29690,   0.128731,  -1.014894,   0.000061
   29706,   0.138131,  -1.013184,   0.000061
   29724,   0.140817,  -1.011231,   0.000061
   29740,   0.140206,  -1.011231,   0.000061
   29756,   0.139840,  -1.022462,   0.000061
   29771,   0.141305,  -1.016114,   0.000061
   29792,   0.130684,  -1.007813,   0.000061
   29810,   0.120674,  -1.016114,   0.000061
   29822,   0.127022,  -1.021119,   0.000061
   29840,   0.117622,  -1.022218,   0.000061
   29857,   0.113715,  -1.016603,   0.000061
   29874,   0.116645,  -1.015382,   0.000061
   29890,   0.112739,  -1.009400,   0.000061
   29906,   0.113960,  -1.010987,   0.000061
   29926,   0.112861,  -1.024415,   0.000061
   29941,   0.111152,  -1.021364,   0.000061
   29957,   0.109199,  -1.020631,   0.000061
   29974,   0.106025,  -1.033327,   0.000061
   29992,   0.117256,  -1.032717,   0.000061
   30007,   0.100043,  -1.053592,   0.000061
   30024,   0.090887,  -1.067509,   0.000061
   30040,   0.035708,  -1.102912,   0.000061
   30057,   0.094671,  -1.071049,   0.000061
   30073,   0.119819,  -1.058964,   0.000061
   30090,   0.185131,  -1.035525,   0.000061
   30110,   0.307941,  -1.023439,   0.000061
   30124,   0.274492,  -1.015992,   0.000061
   30140,   0.243850,  -1.075688,   0.000061
   30157,   0.246414,  -1.028932,   0.000061
   30173,   0.232619,  -1.116951,   0.000061
   30192,   0.229934,  -1.088628,   0.000061
   30207,   0.300250,  -0.998413,   0.000061
   30223,   0.346029,  -0.970701,   0.000061
   30239,   0.398889,  -0.912592,   0.000061
   30257,   0.427089,  -0.841909,   0.000061
   30273,   0.588720,  -0.756699,   0.000061
   30289,   0.716291,  -0.654642,   0.000061
   30304,   0.778673,  -0.593237,   0.000061
   30324,   0.751572,  -0.551853,   0.000061
   30340,   0.813465,  -0.514985,   0.000061
   30358,   0.910639,  -0.452970,   0.000061
   30373,   1.011353,  -0.300983,   0.000061
   30391,   1.037112,  -0.259476,   0.000061
   30407,   0.996460,  -0.201367,   0.000061
   30425,   0.926631,  -0.176463,   0.000061
   30443,   0.902948,  -0.166087,   0.000061
   30458,   0.701520,  -0.220656,   0.000061
   30476,   0.852286,  -0.153513,   0.000061
   30490,   0.826772,  -0.137643,   0.000061
   30508,   0.928951,  -0.075749,   0.000061
   30525,   0.949094,  -0.075139,   0.000061
   30542,   1.050540,   0.007508,   0.000061
   30557,   1.075200,  -0.027284,   0.000061
   30574,   0.986327,  -0.188427,   0.000061
   30591,   1.271867,   0.057438,   0.000061
   30606,   1.160776,   0.053409,   0.000061
   30625,   1.000610,   0.179515,   0.000061
   30640,   0.869011,   0.006653,   0.000061
   30658,   0.867668,  -0.004456,   0.000061
   30675,   0.843496,   0.140328,   0.000061
   30690,   0.574681,   0.317952,   0.000061
   30705,   1.140389,   0.335165,   0.000061
   30728,   1.007325,   0.331136,   0.000061
   30743,   0.773424,   0.437344,   0.000061
   30758,   0.585668,   0.453946,   0.000061
   30776,   0.530489,   0.604468,   0.000061
   30792,   0.488006,   0.696759,   0.000061
   30807,   0.470060,   0.652200,   0.000061
   30825,   0.479094,   0.604468,   0.000061
   30841,   0.454557,   0.638406,   0.000061
   30856,   0.414881,   0.682598,   0.000061
   30874,   0.351767,   0.725935,   0.000061
   30892,   0.339315,   0.858878,   0.000061
   30907,   0.320149,   0.933468,   0.000061
   30925,   0.315632,   0.963377,   0.000061
   30941,   0.328206,   0.955442,   0.000061
   30959,   0.280718,   0.937496,   0.000061
   30976,   0.219801,   0.959226,   0.000061
   30994,   0.209058,   0.967649,   0.000061
   31007,   0.157786,   0.940182,   0.000061
   31026,   0.125069,   0.928340,   0.000061
   31041,   0.065006,   0.914790,   0.000061
   31058,   0.039858,   0.929561,   0.000061
   31075,   0.024477,   0.946164,   0.000061
   31091,  -0.005677,   0.953855,   0.000061
   31107,  -0.052677,   0.941159,   0.000061
   31126,  -0.056583,   0.944210,   0.000061
   31141,  -0.046939,   1.002564,   0.000061
   31157,  -0.064640,   1.017946,   0.000061
   31175,  -0.099554,   1.020265,   0.000061
   31192,  -0.193310,   1.112678,   0.000061
   31207,  -0.270097,   1.098761,   0.000061
   31222,  -0.240432,   1.081182,   0.000061
   31243,  -0.251419,   1.037844,   0.000061
   31259,  -0.243728,   0.968016,   0.000061
   31274,  -0.242507,   0.890740,   0.000061
   31290,  -0.289263,   0.894281,   0.000061
   31308,  -0.324422,   0.950925,   0.000061
   31324,  -0.413905,   0.982787,   0.000061
   31340,  -0.361533,   0.997070,   0.000061
   31359,  -0.380944,   0.979735,   0.000061
   31374,  -0.373497,   0.927608,   0.000061
   31392,  -0.356162,   0.913691,   0.000061
   31407,  -0.345175,   0.938229,   0.000061
   31427,  -0.381676,   0.900873,   0.000061
   31441,  -0.324178,   0.906244,   0.000061
   31457,  -0.346640,   0.877434,   0.000061
   31473,  -0.344198,   0.882927,   0.000061
   31493,  -0.349448,   0.907221,   0.000061
   31508,  -0.369468,   0.913081,   0.000061
   31524,  -0.326375,   0.953122,   0.000061
   31542,  -0.334554,   0.929073,   0.000061
   31560,  -0.327840,   0.918452,   0.000061
   31575,  -0.323567,   0.938717,   0.000061
   31592,  -0.358725,   0.918818,   0.000061
   31609,  -0.318440,   0.958127,   0.000061
   31625,  -0.330648,   0.955930,   0.000061
   31643,  -0.338583,   0.964109,   0.000061
   31658,  -0.343466,   0.963377,   0.000061
   31674,  -0.357505,   0.947262,   0.000061
   31692,  -0.375816,   0.919307,   0.000061
   31710,  -0.357627,   0.904657,   0.000061
   31725,  -0.351279,   0.892449,   0.000061
   31741,  -0.340170,   0.884148,   0.000061
   31759,  -0.320881,   0.882073,   0.000061
   31775,  -0.319416,   0.876335,   0.000061
   31791,  -0.321492,   0.868644,   0.000061
   31811,  -0.324544,   0.877312,   0.000061
   31825,  -0.317952,   0.872551,   0.000061
   31842,  -0.309040,   0.859855,   0.000061
   31858,  -0.299396,   0.859977,   0.000061
   31874,  -0.290484,   0.854361,   0.000061
   31892,  -0.284258,   0.857535,   0.000061
   31907,  -0.294513,   0.871818,   0.000061
   31923,  -0.320149,   0.886468,   0.000061
   31944,  -0.321858,   0.888299,   0.000061
   31958,  -0.324544,   0.890740,   0.000061
   31975,  -0.324788,   0.889764,   0.000061
   31993,  -0.325032,   0.890740,   0.000061
   32008,  -0.308796,   0.894647,   0.000061
   32023,  -0.299396,   0.912592,   0.000061
   32043,  -0.288775,   0.928584,   0.000061
   32059,  -0.307941,   0.939205,   0.000061
   32078,  -0.308429,   0.952756,   0.000061
   32092,  -0.312580,   0.953610,   0.000061
   32109,  -0.310016,   0.964475,   0.000061
   32126,  -0.309040,   0.955442,   0.000061
   32142,  -0.311115,   0.948972,   0.000061
   32160,  -0.310139,   0.944821,   0.000061
   32176,  -0.330281,   0.931514,   0.000061
   32192,  -0.329061,   0.929805,   0.000061
   32208,  -0.342733,   0.919185,   0.000061
   32226,  -0.342123,   0.907953,   0.000061
   32242,  -0.341879,   0.902216,   0.000061
   32259,  -0.315144,   0.899530,   0.000061
   32276,  -0.283648,   0.888909,   0.000061
   32291,  -0.263505,   0.877922,   0.000061
   32309,  -0.250931,   0.903681,   0.000061
   32325,  -0.251419,   0.889398,   0.000061
   32340,  -0.249100,   0.903925,   0.000061
   32360,  -0.246902,   0.933468,   0.000061
   32375,  -0.276567,   0.958738,   0.000061
   32392,  -0.302570,   0.960447,   0.000061
   32409,  -0.335653,   0.944210,   0.000061
   32426,  -0.313679,   0.918208,   0.000061
   32442,  -0.286944,   0.912470,   0.000061
   32459,  -0.265824,   0.915888,   0.000061
   32475,  -0.252274,   0.921992,   0.000061
   32492,  -0.243118,   0.917353,   0.000061
   32508,  -0.241165,   0.916010,   0.000061
   32524,  -0.250443,   0.918818,   0.000061
   32540,  -0.272661,   0.913447,   0.000061
   32559,  -0.277666,   0.913081,   0.000061
   32574,  -0.299029,   0.910761,   0.000061
   32595,  -0.291339,   0.919917,   0.000061
   32609,  -0.274858,   0.913447,   0.000061
   32627,  -0.251297,   0.913447,   0.000061
   32642,  -0.245437,   0.932369,   0.000061
   32660,  -0.269243,   0.936642,   0.000061
   32675,  -0.283404,   0.934322,   0.000061
   32694,  -0.269975,   0.938473,   0.000061
   32709,  -0.242874,   0.935299,   0.000061
   32727,  -0.239211,   0.925655,   0.000061
   32743,  -0.256180,   0.926875,   0.000061
   32761,  -0.261307,   0.921504,   0.000061
   32775,  -0.253006,   0.920039,   0.000061
   32794,  -0.233596,   0.929317,   0.000061
   32809,  -0.256791,   0.946286,   0.000061
   32826,  -0.289385,   0.952756,   0.000061
   32843,  -0.313557,   0.946530,   0.000061
   32858,  -0.315754,   0.946652,   0.000061
   32877,  -0.293658,   0.955442,   0.000061
   32893,  -0.285845,   0.931026,   0.000061
   32909,  -0.279619,   0.920771,   0.000061
   32927,  -0.282915,   0.923091,   0.000061
   32942,  -0.283526,   0.925411,   0.000061
   32958,  -0.274370,   0.934200,   0.000061
   32974,  -0.270219,   0.936031,   0.000061
   32993,  -0.268144,   0.942990,   0.000061
   33009,  -0.268144,   0.945065,   0.000061
   33027,  -0.266557,   0.945065,   0.000061
   33043,  -0.270829,   0.940548,   0.000061
   33059,  -0.269365,   0.938961,   0.000061
   33078,  -0.266801,   0.939449,   0.000061
   33093,  -0.268510,   0.944455,   0.000061
   33108,  -0.279619,   0.933956,   0.000061
   33128,  -0.289752,   0.929805,   0.000061
   33142,  -0.288042,   0.926753,   0.000061
   33161,  -0.276689,   0.933712,   0.000061
   33177,  -0.264726,   0.929683,   0.000061
   33193,  -0.272172,   0.939816,   0.000061
   33210,  -0.281572,   0.946286,   0.000061
   33226,  -0.285235,   0.948727,   0.000061
   33245,  -0.275713,   0.941036,   0.000061
   33259,  -0.277910,   0.937130,   0.000061
   33275,  -0.273881,   0.945309,   0.000061
   33294,  -0.281694,   0.956540,   0.000061
   33309,  -0.273881,   0.952634,   0.000061
   33325,  -0.280840,   0.949704,   0.000061
   33343,  -0.281206,   0.955442,   0.000061
   33359,  -0.290118,   0.945797,   0.000061
   33375,  -0.280352,   0.932369,   0.000061
   33395,  -0.264970,   0.934078,   0.000061
   33409,  -0.260087,   0.926021,   0.000061
   33425,  -0.247879,   0.935055,   0.000061
   33443,  -0.239700,   0.942135,   0.000061
   33460,  -0.247635,   0.942746,   0.000061
   33476,  -0.253983,   0.945431,   0.000061
   33494,  -0.253495,   0.943600,   0.000061
   33510,  -0.268266,   0.944088,   0.000061
   33525,  -0.264726,   0.942501,   0.000061
   33540,  -0.255204,   0.946530,   0.000061
   33561,  -0.254837,   0.945431,   0.000061
   33576,  -0.263993,   0.950314,   0.000061
   33594,  -0.260209,   0.944943,   0.000061
   33610,  -0.259476,   0.941525,   0.000061
   33626,  -0.262040,   0.945187,   0.000061
   33641,  -0.257767,   0.952634,   0.000061
   33662,  -0.252152,   0.957029,   0.000061
   33677,  -0.259110,   0.952023,   0.000061
   33694,  -0.262284,   0.946896,   0.000061
   33712,  -0.258500,   0.942868,   0.000061
   33727,  -0.254959,   0.941159,   0.000061
   33744,  -0.250931,   0.940548,   0.000061
   33761,  -0.241775,   0.938229,   0.000061
   33776,  -0.234939,   0.943722,   0.000061
   33793,  -0.234206,   0.951535,   0.000061
   33810,  -0.249588,   0.950436,   0.000061
   33829,  -0.248245,   0.951779,   0.000061
   33844,  -0.258378,   0.945553,   0.000061
   33861,  -0.261674,   0.940792,   0.000061
   33876,  -0.255936,   0.938473,   0.000061
   33894,  -0.262162,   0.931881,   0.000061
   33909,  -0.258622,   0.949216,   0.000061
   33927,  -0.267045,   0.936153,   0.000061
   33943,  -0.247635,   0.955930,   0.000061
   33960,  -0.247146,   0.962522,   0.000061
   33977,  -0.250565,   0.961423,   0.000061
   33994,  -0.269731,   0.955808,   0.000061
   34011,  -0.247024,   0.960813,   0.000061
   34028,  -0.264604,   0.950070,   0.000061
   34044,  -0.245559,   0.959836,   0.000061
   34061,  -0.227492,   0.956540,   0.000061
   34076,  -0.243850,   0.939449,   0.000061
   34092,  -0.232741,   0.937618,   0.000061
   34108,  -0.276445,   0.967161,   0.000061
   34127,  -0.272661,   0.947751,   0.000061
   34143,  -0.269120,   0.955442,   0.000061
   34158,  -0.257035,   0.959714,   0.000061
   34178,  -0.263993,   0.978026,   0.000061
   34195,  -0.252884,   0.965330,   0.000061
   34211,  -0.253617,   0.958982,   0.000061
   34226,  -0.253128,   0.959348,   0.000061
   34244,  -0.249588,   0.948361,   0.000061
   34262,  -0.247757,   0.960813,   0.000061
   34277,  -0.243118,   0.952512,   0.000061
   34294,  -0.217237,   0.955564,   0.000061
   34310,  -0.201856,   0.931759,   0.000061
   34328,  -0.225783,   0.949948,   0.000061
   34345,  -0.236037,   0.964720,   0.000061
   34360,  -0.220900,   0.950803,   0.000061
   34377,  -0.217115,   0.960325,   0.000061
   34394,  -0.215528,   0.963865,   0.000061
   34410,  -0.221998,   0.957029,   0.000061
   34426,  -0.215040,   0.971922,   0.000061
   34442,  -0.217482,   0.959714,   0.000061
   34461,  -0.216627,   0.957273,   0.000061
   34477,  -0.211866,   0.963010,   0.000061
   34492,  -0.219069,   0.959836,   0.000061
   34511,  -0.223585,   0.957883,   0.000061
   34527,  -0.223219,   0.965208,   0.000061
   34542,  -0.222365,   0.961545,   0.000061
   34561,  -0.205640,   0.975584,   0.000061
   34578,  -0.209424,   0.962278,   0.000061
   34593,  -0.220533,   0.960691,   0.000061
   34613,  -0.220167,   0.956784,   0.000061
   34628,  -0.231765,   0.954831,   0.000061
   34643,  -0.235549,   0.956540,   0.000061
   34659,  -0.218458,   0.959470,   0.000061
   34678,  -0.215406,   0.959104,   0.000061
   34693,  -0.220411,   0.958005,   0.000061
   34709,  -0.224684,   0.956418,   0.000061
   34730,  -0.221022,   0.964720,   0.000061
   34743,  -0.210035,   0.964597,   0.000061
   34763,  -0.222120,   0.958738,   0.000061
   34777,  -0.219679,   0.964964,   0.000061
   34794,  -0.220533,   0.967161,   0.000061
   34811,  -0.222243,   0.965330,   0.000061
   34830,  -0.221144,   0.966673,   0.000061
   34845,  -0.218946,   0.959226,   0.000061
   34860,  -0.218946,   0.960569,   0.000061
   34878,  -0.213941,   0.963743,   0.000061
   34894,  -0.216993,   0.961423,   0.000061
   34910,  -0.219313,   0.961423,   0.000061
   34928,  -0.214185,   0.963743,   0.000061
   34943,  -0.226027,   0.957395,   0.000061
   34959,  -0.222487,   0.963010,   0.000061
   34978,  -0.209424,   0.967161,   0.000061
   34995,  -0.206128,   0.968870,   0.000061
   35011,  -0.211256,   0.963010,   0.000061
   35026,  -0.214307,   0.967771,   0.000061
   35045,  -0.210157,   0.973387,   0.000061
   35060,  -0.214307,   0.962278,   0.000061
   35079,  -0.216139,   0.957517,   0.000061
   35094,  -0.208448,   0.955930,   0.000061
   35110,  -0.207959,   0.960569,   0.000061
   35128,  -0.202954,   0.960691,   0.000061
   35144,  -0.213209,   0.960203,   0.000061
   35163,  -0.212721,   0.954343,   0.000061
   35178,  -0.205884,   0.962888,   0.000061
   35195,  -0.222120,   0.963010,   0.000061
   35211,  -0.221632,   0.967161,   0.000061
   35226,  -0.215895,   0.971556,   0.000061
   35242,  -0.220656,   0.968016,   0.000061
   35257,  -0.223585,   0.969847,   0.000061
   35281,  -0.226393,   0.967039,   0.000061
   35294,  -0.218458,   0.960569,   0.000061
   35313,  -0.216017,   0.957639,   0.000061
   35328,  -0.207349,   0.957639,   0.000061
   35345,  -0.206739,   0.952023,   0.000061
   35363,  -0.209302,   0.956174,   0.000061
   35378,  -0.195141,   0.957883,   0.000061
   35395,  -0.197705,   0.966673,   0.000061
   35410,  -0.210645,   0.958494,   0.000061
   35430,  -0.217237,   0.963010,   0.000061
   35445,  -0.221754,   0.970335,   0.000061
   35460,  -0.231398,   0.961668,   0.000061
   35479,  -0.229567,   0.965696,   0.000061
   35494,  -0.217970,   0.970823,   0.000061
   35512,  -0.213941,   0.964720,   0.000061
   35528,  -0.210035,   0.960081,   0.000061
   35544,  -0.215650,   0.952145,   0.000061
   35560,  -0.213087,   0.954953,   0.000061
   35580,  -0.201978,   0.969725,   0.000061
   35595,  -0.207349,   0.961057,   0.000061
   35612,  -0.212232,   0.959714,   0.000061
   35627,  -0.209547,   0.958616,   0.000061
   35643,  -0.216017,   0.955686,   0.000061
   35662,  -0.211622,   0.960691,   0.000061
   35678,  -0.220900,   0.953732,   0.000061
   35693,  -0.235183,   0.959104,   0.000061
   35710,  -0.215406,   0.960813,   0.000061
   35728,  -0.209913,   0.960081,   0.000061
   35747,  -0.211256,   0.960325,   0.000061
   35762,  -0.211133,   0.966673,   0.000061
   35778,  -0.202954,   0.964475,   0.000061
   35795,  -0.206983,   0.968748,   0.000061
   35816,  -0.218214,   0.960447,   0.000061
   35831,  -0.215040,   0.960447,   0.000061
   35846,  -0.220289,   0.967039,   0.000061
   35862,  -0.237258,   0.970701,   0.000061
   35878,  -0.240310,   0.962400,   0.000061
   35895,  -0.232985,   0.954099,   0.000061
   35912,  -0.205640,   0.976683,   0.000061
   35928,  -0.208570,   0.971312,   0.000061
   35945,  -0.202466,   0.967527,   0.000061
   35962,  -0.198559,   0.962644,   0.000061
   35978,  -0.194287,   0.962766,   0.000061
   35996,  -0.193188,   0.963743,   0.000061
   36011,  -0.202222,   0.955686,   0.000061
   36030,  -0.204785,   0.954587,   0.000061
   36046,  -0.201245,   0.957883,   0.000061
   36061,  -0.196484,   0.956907,   0.000061
   36079,  -0.203931,   0.960325,   0.000061
   36096,  -0.216017,   0.959592,   0.000061
   36111,  -0.218214,   0.965696,   0.000061
   36127,  -0.219557,   0.970701,   0.000061
   36146,  -0.218336,   0.969847,   0.000061
   36161,  -0.215284,   0.967894,   0.000061
   36177,  -0.208326,   0.966917,   0.000061
   36196,  -0.214796,   0.959104,   0.000061
   36212,  -0.206495,   0.966429,   0.000061
   36228,  -0.210889,   0.965696,   0.000061
   36247,  -0.218214,   0.962034,   0.000061
   36262,  -0.203565,   0.959836,   0.000061
   36278,  -0.206128,   0.955808,   0.000061
   36296,  -0.202832,   0.959836,   0.000061
   36311,  -0.207105,   0.959348,   0.000061
   36330,  -0.213209,   0.959104,   0.000061
   36345,  -0.207105,   0.964720,   0.000061
   36362,  -0.208814,   0.963865,   0.000061
   36383,  -0.213331,   0.962766,   0.000061
   36397,  -0.218458,   0.962400,   0.000061
   36412,  -0.221022,   0.961668,   0.000061
   36428,  -0.208204,   0.962522,   0.000061
   36447,  -0.202832,   0.960447,   0.000061
   36462,  -0.216139,   0.962888,   0.000061
   36480,  -0.218214,   0.966184,   0.000061
   36495,  -0.212721,   0.960447,   0.000061
   36514,  -0.211866,   0.951657,   0.000061
   36528,  -0.198437,   0.961912,   0.000061
   36546,  -0.210889,   0.963377,   0.000061
   36564,  -0.212476,   0.964231,   0.000061
   36579,  -0.212843,   0.970335,   0.000061
   36595,  -0.218702,   0.967039,   0.000061
   36610,  -0.218702,   0.963865,   0.000061
   36631,  -0.206128,   0.964109,   0.000061
   36646,  -0.210279,   0.969847,   0.000061
   36663,  -0.215162,   0.963255,   0.000061
   36678,  -0.217726,   0.956907,   0.000061
   36694,  -0.211133,   0.951901,   0.000061
   36714,  -0.204908,   0.957395,   0.000061
   36729,  -0.207959,   0.959836,   0.000061
   36745,  -0.205640,   0.961423,   0.000061
   36764,  -0.207593,   0.963621,   0.000061
   36779,  -0.213575,   0.959592,   0.000061
   36795,  -0.221754,   0.960813,   0.000061
   36813,  -0.208204,   0.962522,   0.000061
   36828,  -0.211744,   0.960569,   0.000061
   36846,  -0.211500,   0.965208,   0.000061
   36862,  -0.213087,   0.963010,   0.000061
   36881,  -0.217482,   0.965574,   0.000061
   36898,  -0.213575,   0.967894,   0.000061
   36912,  -0.221144,   0.958249,   0.000061
   36931,  -0.219313,   0.965330,   0.000061
   36946,  -0.216993,   0.960813,   0.000061
   36963,  -0.218824,   0.955320,   0.000061
   36982,  -0.217726,   0.962644,   0.000061
   36998,  -0.219679,   0.958494,   0.000061
   37013,  -0.219557,   0.957761,   0.000061
   37029,  -0.208082,   0.963255,   0.000061
   37047,  -0.217115,   0.964231,   0.000061
   37062,  -0.210279,   0.967283,   0.000061
   37080,  -0.217726,   0.959958,   0.000061
   37097,  -0.204908,   0.960935,   0.000061
   37112,  -0.207593,   0.964964,   0.000061
   37131,  -0.217237,   0.962278,   0.000061
   37146,  -0.218458,   0.967894,   0.000061
   37161,  -0.215162,   0.970335,   0.000061
   37180,  -0.222975,   0.964964,   0.000061
   37196,  -0.216993,   0.964231,   0.000061
   37211,  -0.213087,   0.958860,   0.000061
   37230,  -0.213697,   0.959226,   0.000061
   37245,  -0.215162,   0.963377,   0.000061
   37261,  -0.210035,   0.958249,   0.000061
   37280,  -0.218824,   0.952878,   0.000061
   37298,  -0.212965,   0.954221,   0.000061
   37313,  -0.209669,   0.959226,   0.000061
   37328,  -0.214796,   0.960447,   0.000061
   37347,  -0.217848,   0.960203,   0.000061
   37365,  -0.225295,   0.958249,   0.000061
   37380,  -0.219069,   0.962888,   0.000061
   37397,  -0.225539,   0.966673,   0.000061
   37414,  -0.228102,   0.970091,   0.000061
   37431,  -0.243850,   0.964475,   0.000061
   37447,  -0.250687,   0.957639,   0.000061
   37465,  -0.217604,   0.965452,   0.000061
   37480,  -0.192700,   0.969236,   0.000061
   37497,  -0.204419,   0.958372,   0.000061
   37513,  -0.229811,   0.953366,   0.000061
   37530,  -0.229567,   0.955686,   0.000061
   37551,  -0.235305,   0.954831,   0.000061
   37563,  -0.226515,   0.955564,   0.000061
   37580,  -0.221388,   0.957273,   0.000061
   37597,  -0.215528,   0.958860,   0.000061
   37613,  -0.217115,   0.950070,   0.000061
   37630,  -0.212232,   0.954953,   0.000061
   37647,  -0.230788,   0.955564,   0.000061
   37662,  -0.233108,   0.960203,   0.000061
   37678,  -0.232009,   0.960081,   0.000061
   37697,  -0.224562,   0.960691,   0.000061
   37713,  -0.234817,   0.960691,   0.000061
   37730,  -0.232619,   0.959104,   0.000061
   37746,  -0.225172,   0.960691,   0.000061
   37762,  -0.207349,   0.964842,   0.000061
   37777,  -0.230910,   0.953610,   0.000061
   37797,  -0.222975,   0.966917,   0.000061
   37812,  -0.226515,   0.964597,   0.000061
   37830,  -0.216017,   0.969114,   0.000061
   37847,  -0.208326,   0.963133,   0.000061
   37864,  -0.219557,   0.954953,   0.000061
   37879,  -0.221022,   0.956662,   0.000061
   37895,  -0.230666,   0.958127,   0.000061
   37915,  -0.228469,   0.964475,   0.000061
   37930,  -0.227980,   0.958494,   0.000061
   37946,  -0.223952,   0.969236,   0.000061
   37962,  -0.225905,   0.957761,   0.000061
   37982,  -0.223219,   0.960691,   0.000061
   37998,  -0.211622,   0.961423,   0.000061
   38013,  -0.206739,   0.962156,   0.000061
   38032,  -0.203931,   0.963377,   0.000061
   38047,  -0.200635,   0.959714,   0.000061
   38063,  -0.205762,   0.961179,   0.000061
   38082,  -0.218702,   0.953855,   0.000061
   38098,  -0.224806,   0.969114,   0.000061
   38113,  -0.217237,   0.969969,   0.000061
   38130,  -0.224684,   0.969725,   0.000061
   38146,  -0.221998,   0.973387,   0.000061
   38164,  -0.223585,   0.958127,   0.000061
   38179,  -0.213453,   0.950192,   0.000061
   38195,  -0.200269,   0.958738,   0.000061
   38215,  -0.187450,   0.969481,   0.000061
   38230,  -0.194043,   0.967771,   0.000061
   38245,  -0.210157,   0.957517,   0.000061
   38264,  -0.214430,   0.958616,   0.000061
   38281,  -0.224196,   0.957639,   0.000061
   38296,  -0.215528,   0.959836,   0.000061
   38312,  -0.201856,   0.964842,   0.000061
   38331,  -0.201245,   0.966307,   0.000061
   38347,  -0.199658,   0.975584,   0.000061
   38362,  -0.215650,   0.970823,   0.000061
   38381,  -0.225050,   0.964964,   0.000061
   38397,  -0.210279,   0.963743,   0.000061
   38415,  -0.206250,   0.959836,   0.000061
   38430,  -0.207959,   0.964597,   0.000061
   38448,  -0.208692,   0.963133,   0.000061
   38463,  -0.213697,   0.963865,   0.000061
   38481,  -0.214552,   0.960447,   0.000061
   38498,  -0.216993,   0.956907,   0.000061
   38515,  -0.208204,   0.966917,   0.000061
   38531,  -0.202588,   0.969969,   0.000061
   38547,  -0.201734,   0.965208,   0.000061
   38566,  -0.208936,   0.964842,   0.000061
   38581,  -0.208204,   0.968626,   0.000061
   38598,  -0.223707,   0.948239,   0.000061
   38614,  -0.209669,   0.954343,   0.000061
   38633,  -0.198926,   0.962156,   0.000061
   38648,  -0.209791,   0.956784,   0.000061
   38664,  -0.212354,   0.957761,   0.000061
   38681,  -0.204053,   0.957517,   0.000061
   38697,  -0.210767,   0.973875,   0.000061
   38714,  -0.210767,   0.975340,   0.000061
   38730,  -0.225539,   0.976073,   0.000061
   38748,  -0.223097,   0.968870,   0.000061
   38765,  -0.219435,   0.964964,   0.000061
   38780,  -0.216871,   0.962156,   0.000061
   38795,  -0.218458,   0.965818,   0.000061
   38815,  -0.208692,   0.970823,   0.000061
   38832,  -0.216505,   0.958616,   0.000061
   38848,  -0.221632,   0.953732,   0.000061
   38865,  -0.222120,   0.960203,   0.000061
   38880,  -0.217604,   0.960447,   0.000061
   38896,  -0.210767,   0.965452,   0.000061
   38915,  -0.202710,   0.966429,   0.000061
   38930,  -0.203076,   0.965208,   0.000061
   38949,  -0.208448,   0.959226,   0.000061
   38965,  -0.195630,   0.964597,   0.000061
   38982,  -0.196972,   0.970457,   0.000061
   38999,  -0.206861,   0.964475,   0.000061
   39014,  -0.205884,   0.966795,   0.000061
   39032,  -0.202832,   0.963743,   0.000061
   39048,  -0.198315,   0.968382,   0.000061
   39066,  -0.206128,   0.969358,   0.000061
   39082,  -0.207349,   0.968138,   0.000061
   39097,  -0.207593,   0.960203,   0.000061
   39115,  -0.205640,   0.951779,   0.000061
   39132,  -0.204663,   0.950803,   0.000061
   39148,  -0.210279,   0.959470,   0.000061
   39163,  -0.216627,   0.955075,   0.000061
   39185,  -0.207105,   0.956784,   0.000061
   39198,  -0.190380,   0.950192,   0.000061
   39216,  -0.208448,   0.946652,   0.000061
   39232,  -0.209302,   0.944943,   0.000061
   39247,  -0.194165,   0.966062,   0.000061
   39262,  -0.191967,   0.969481,   0.000061
   39282,  -0.120674,   0.948361,   0.000061
   39296,  -0.183056,   0.981688,   0.000061
   39315,  -0.207959,   0.989013,   0.000061
   39332,  -0.205030,   0.964842,   0.000061
   39347,  -0.208082,   0.958616,   0.000061
   39365,  -0.226759,   0.964109,   0.000061
   39380,  -0.253372,   0.962156,   0.000061
   39396,  -0.374840,   0.939571,   0.000061
   39415,  -0.311481,   0.974120,   0.000061
   39431,  -0.236404,   0.997803,   0.000061
   39448,  -0.218214,   0.977049,   0.000061
   39463,  -0.207715,   0.933590,   0.000061
   39482,  -0.187084,   0.930538,   0.000061
   39497,  -0.182323,   0.950803,   0.000061
   39515,  -0.196362,   0.971312,   0.000061
   39532,  -0.217237,   0.979247,   0.000061
   39547,  -0.228957,   0.973021,   0.000061
   39565,  -0.231276,   0.968992,   0.000061
   39581,  -0.225172,   0.955930,   0.000061
   39600,  -0.228224,   0.959958,   0.000061
   39615,  -0.221144,   0.958372,   0.000061
   39632,  -0.210523,   0.962766,   0.000061
   39648,  -0.204297,   0.960813,   0.000061
   39665,  -0.210645,   0.958494,   0.000061
   39681,  -0.217726,   0.959104,   0.000061
   39699,  -0.220045,   0.960325,   0.000061
   39714,  -0.208204,   0.958005,   0.000061
   39733,  -0.189037,   0.974242,   0.000061
   39749,  -0.173045,   0.994262,   0.000061
   39768,  -0.164256,   0.995117,   0.000061
   39784,  -0.185619,   0.971922,   0.000061
   39799,  -0.226515,   0.958249,   0.000061
   39818,  -0.235671,   0.953366,   0.000061
   39831,  -0.244461,   0.948117,   0.000061
   39849,  -0.238113,   0.949094,   0.000061
   39865,  -0.214796,   0.944699,   0.000061
   39881,  -0.202222,   0.941036,   0.000061
   39899,  -0.195508,   0.931270,   0.000061
   39915,  -0.193554,   0.931148,   0.000061
   39931,  -0.200635,   0.939449,   0.000061
   39946,  -0.208936,   0.967894,   0.000061
   39962,  -0.217359,   0.988403,   0.000061
   39983,  -0.220167,   0.982665,   0.000061
   39999,  -0.230178,   0.967039,   0.000061
   40015,  -0.220289,   0.973753,   0.000061
   40031,  -0.216139,   0.978514,   0.000061
   40049,  -0.198071,   0.987548,   0.000061
   40065,  -0.214063,   0.970335,   0.000061
   40081,  -0.217115,   0.957639,   0.000061
   40101,  -0.221144,   0.957517,   0.000061
   40115,  -0.206495,   0.975096,   0.000061
   40134,  -0.207715,   0.979491,   0.000061
   40149,  -0.211988,   0.974120,   0.000061
   40166,  -0.213697,   0.971922,   0.000061
   40181,  -0.217726,   0.961545,   0.000061
   40199,  -0.224440,   0.942379,   0.000061
   40215,  -0.213087,   0.937008,   0.000061
   40231,  -0.190258,   0.954587,   0.000061
   40249,  -0.193554,   0.967771,   0.000061
   40265,  -0.198682,   0.978270,   0.000061
   40281,  -0.217726,   0.965696,   0.000061
   40300,  -0.224318,   0.950681,   0.000061
   40316,  -0.226759,   0.954099,   0.000061
   40332,  -0.214674,   0.961179,   0.000061
   40348,  -0.212721,   0.969236,   0.000061
   40364,  -0.210645,   0.972044,   0.000061
   40384,  -0.222975,   0.965696,   0.000061
   40399,  -0.215528,   0.957273,   0.000061
   40415,  -0.206495,   0.956174,   0.000061
   40432,  -0.203443,   0.956418,   0.000061
   40451,  -0.195630,   0.961301,   0.000061
   40466,  -0.184276,   0.977538,   0.000061
   40480,  -0.195019,   0.976927,   0.000061
   40496,  -0.202100,   0.968870,   0.000061
   40512,  -0.211622,   0.959836,   0.000061
   40534,  -0.213697,   0.960935,   0.000061
   40549,  -0.211866,   0.958860,   0.000061
   40564,  -0.206861,   0.960081,   0.000061
   40583,  -0.201245,   0.963133,   0.000061
   40601,  -0.203076,   0.963133,   0.000061
   40616,  -0.211011,   0.948117,   0.000061
   40631,  -0.209058,   0.948483,   0.000061
   40653,  -0.211622,   0.949216,   0.000061
   40668,  -0.209547,   0.962644,   0.000061
   40684,  -0.212721,   0.961057,   0.000061
   40699,  -0.211622,   0.956174,   0.000061
   40715,  -0.211500,   0.959348,   0.000061
   40734,  -0.207959,   0.971068,   0.000061
   40750,  -0.209058,   0.975951,   0.000061
   40767,  -0.209424,   0.959470,   0.000061
   40782,  -0.212843,   0.948483,   0.000061
   40800,  -0.210035,   0.940304,   0.000061
   40815,  -0.207837,   0.955075,   0.000061
   40833,  -0.204541,   0.971312,   0.000061
   40851,  -0.197949,   0.978758,   0.000061
   40866,  -0.207471,   0.971678,   0.000061
   40883,  -0.226759,   0.966184,   0.000061
   40898,  -0.226882,   0.963499,   0.000061
   40916,  -0.217482,   0.967039,   0.000061
   40932,  -0.210889,   0.967161,   0.000061
   40948,  -0.209669,   0.970335,   0.000061
   40966,  -0.210523,   0.965208,   0.000061
   40984,  -0.207349,   0.959104,   0.000061
   40999,  -0.209547,   0.955808,   0.000061
   41018,  -0.218092,   0.954221,   0.000061
   41033,  -0.219679,   0.948727,   0.000061
   41050,  -0.213575,   0.951779,   0.000061
   41065,  -0.217482,   0.959226,   0.000061
   41085,  -0.210035,   0.975462,   0.000061
   41100,  -0.215650,   0.975340,   0.000061
   41117,  -0.205518,   0.960935,   0.000061
   41132,  -0.212721,   0.947018,   0.000061
   41150,  -0.217848,   0.946652,   0.000061
   41166,  -0.216505,   0.964842,   0.000061
   41183,  -0.219435,   0.970701,   0.000061
   41202,  -0.222731,   0.970091,   0.000061
   41218,  -0.225783,   0.966429,   0.000061
